{"timestamp": "3.448277", "Pr": [1, 1], "Po": [-0.11, -1.19], "Pb": [-0.3807228101282104, -1.5469301646601612], "ERROR": [0.2707228101282104, 0.35693016466016125]}
{"timestamp": "4.554832", "Pr": [1, 1], "Po": [-0.11, -1.19], "Pb": [-0.3807228101282104, -1.5469301646601612], "ERROR": [0.2707228101282104, 0.35693016466016125]}
{"timestamp": "5.661808", "Pr": [1, 1], "Po": [-0.11, -1.19], "Pb": [-0.3807228101282104, -1.5469301646601612], "ERROR": [0.2707228101282104, 0.35693016466016125]}
{"timestamp": "6.769465", "Pr": [1, 1], "Po": [-0.11, -1.19], "Pb": [-0.3722127076658231, -1.7076684216486677], "ERROR": [0.2622127076658231, 0.5176684216486678]}
{"timestamp": "6.874627", "Pr": [1, 1], "Po": [-0.1, -1.2], "Pb": [-0.3722127076658231, -1.7076684216486677], "ERROR": [0.27221270766582306, 0.5076684216486678]}
{"timestamp": "6.982380", "Pr": [1, 1], "Po": [-0.08, -1.24], "Pb": [-0.3722127076658231, -1.7076684216486677], "ERROR": [0.2922127076658231, 0.46766842164866773]}
{"timestamp": "7.088119", "Pr": [1, 1], "Po": [-0.05, -1.29], "Pb": [-0.3722127076658231, -1.7076684216486677], "ERROR": [0.3222127076658231, 0.4176684216486677]}
{"timestamp": "7.194561", "Pr": [1, 1], "Po": [-0.01, -1.38], "Pb": [-0.3722127076658231, -1.7076684216486677], "ERROR": [0.3622127076658231, 0.32766842164866783]}
{"timestamp": "7.302662", "Pr": [1, 1], "Po": [0.03, -1.46], "Pb": [-0.3722127076658231, -1.7076684216486677], "ERROR": [0.40221270766582307, 0.24766842164866776]}
{"timestamp": "7.410002", "Pr": [1, 1], "Po": [0.07, -1.55], "Pb": [-0.3722127076658231, -1.7076684216486677], "ERROR": [0.4422127076658231, 0.15766842164866768]}
{"timestamp": "7.514898", "Pr": [1, 1], "Po": [0.09, -1.59], "Pb": [-0.3722127076658231, -1.7076684216486677], "ERROR": [0.4622127076658231, 0.11766842164866764]}
{"timestamp": "7.620522", "Pr": [1, 1], "Po": [0.12, -1.67], "Pb": [-0.3722127076658231, -1.7076684216486677], "ERROR": [0.4922127076658231, 0.037668421648667794]}
{"timestamp": "7.731965", "Pr": [1, 1], "Po": [0.16, -1.78], "Pb": [-0.3722127076658231, -1.7076684216486677], "ERROR": [0.5322127076658231, -0.0723315783513323]}
{"timestamp": "7.837823", "Pr": [1, 1], "Po": [0.19, -1.87], "Pb": [-0.3722127076658231, -1.7076684216486677], "ERROR": [0.5622127076658231, -0.16233157835133238]}
{"timestamp": "7.976529", "Pr": [1, 1], "Po": [0.22, -1.93], "Pb": [-0.3722127076658231, -1.7076684216486677], "ERROR": [0.5922127076658231, -0.22233157835133222]}
{"timestamp": "8.084333", "Pr": [1, 1], "Po": [0.28, -2.11], "Pb": [-0.3722127076658231, -1.7076684216486677], "ERROR": [0.6522127076658231, -0.40233157835133215]}
{"timestamp": "8.192043", "Pr": [1, 1], "Po": [0.32, -2.24], "Pb": [-0.3722127076658231, -1.7076684216486677], "ERROR": [0.6922127076658231, -0.5323315783513325]}
{"timestamp": "8.301374", "Pr": [1, 1], "Po": [0.36, -2.34], "Pb": [-0.3722127076658231, -1.7076684216486677], "ERROR": [0.7322127076658231, -0.6323315783513321]}
{"timestamp": "8.406839", "Pr": [1, 1], "Po": [0.39, -2.44], "Pb": [-0.3722127076658231, -1.7076684216486677], "ERROR": [0.7622127076658232, -0.7323315783513322]}
{"timestamp": "8.511783", "Pr": [1, 1], "Po": [0.42, -2.55], "Pb": [-0.3722127076658231, -1.7076684216486677], "ERROR": [0.7922127076658231, -0.8423315783513321]}
{"timestamp": "8.616763", "Pr": [1, 1], "Po": [0.45, -2.64], "Pb": [-0.3722127076658231, -1.7076684216486677], "ERROR": [0.8222127076658231, -0.9323315783513324]}
{"timestamp": "8.723007", "Pr": [1, 1], "Po": [0.47, -2.7], "Pb": [-0.3722127076658231, -1.7076684216486677], "ERROR": [0.842212707665823, -0.9923315783513325]}
{"timestamp": "8.828623", "Pr": [1, 1], "Po": [0.48, -2.75], "Pb": [-0.3722127076658231, -1.7076684216486677], "ERROR": [0.852212707665823, -1.0423315783513323]}
{"timestamp": "8.940937", "Pr": [1, 1], "Po": [0.49, -2.78], "Pb": [-0.3722127076658231, -1.7076684216486677], "ERROR": [0.862212707665823, -1.072331578351332]}
{"timestamp": "9.048480", "Pr": [1, 1], "Po": [0.5, -2.8], "Pb": [-0.3722127076658231, -1.7076684216486677], "ERROR": [0.872212707665823, -1.092331578351332]}
{"timestamp": "9.153681", "Pr": [1, 1], "Po": [0.5, -2.81], "Pb": [-0.3722127076658231, -1.7076684216486677], "ERROR": [0.872212707665823, -1.1023315783513323]}
{"timestamp": "9.260145", "Pr": [1, 1], "Po": [0.5, -2.81], "Pb": [-0.3722127076658231, -1.7076684216486677], "ERROR": [0.872212707665823, -1.1023315783513323]}
{"timestamp": "9.370559", "Pr": [1, 1], "Po": [0.5, -2.81], "Pb": [-0.3722127076658231, -1.7076684216486677], "ERROR": [0.872212707665823, -1.1023315783513323]}
{"timestamp": "9.476970", "Pr": [1, 1], "Po": [0.5, -2.81], "Pb": [-0.3722127076658231, -1.7076684216486677], "ERROR": [0.872212707665823, -1.1023315783513323]}
{"timestamp": "9.582299", "Pr": [1, 1], "Po": [0.5, -2.81], "Pb": [-0.3722127076658231, -1.7076684216486677], "ERROR": [0.872212707665823, -1.1023315783513323]}
{"timestamp": "9.688000", "Pr": [1, 1], "Po": [0.5, -2.81], "Pb": [-0.3722127076658231, -1.7076684216486677], "ERROR": [0.872212707665823, -1.1023315783513323]}
{"timestamp": "9.794487", "Pr": [1, 1], "Po": [0.5, -2.81], "Pb": [-0.3722127076658231, -1.7076684216486677], "ERROR": [0.872212707665823, -1.1023315783513323]}
{"timestamp": "9.900858", "Pr": [1, 1], "Po": [0.5, -2.81], "Pb": [-0.3722127076658231, -1.7076684216486677], "ERROR": [0.872212707665823, -1.1023315783513323]}
{"timestamp": "10.006152", "Pr": [1, 1], "Po": [0.5, -2.81], "Pb": [-0.3722127076658231, -1.7076684216486677], "ERROR": [0.872212707665823, -1.1023315783513323]}
{"timestamp": "10.113455", "Pr": [1, 1], "Po": [0.5, -2.81], "Pb": [-0.3722127076658231, -1.7076684216486677], "ERROR": [0.872212707665823, -1.1023315783513323]}
{"timestamp": "10.220629", "Pr": [1, 1], "Po": [0.5, -2.81], "Pb": [-0.3722127076658231, -1.7076684216486677], "ERROR": [0.872212707665823, -1.1023315783513323]}
{"timestamp": "10.339499", "Pr": [1, 1], "Po": [0.5, -2.81], "Pb": [-0.3722127076658231, -1.7076684216486677], "ERROR": [0.872212707665823, -1.1023315783513323]}
{"timestamp": "10.445246", "Pr": [1, 1], "Po": [0.5, -2.81], "Pb": [-0.3722127076658231, -1.7076684216486677], "ERROR": [0.872212707665823, -1.1023315783513323]}
{"timestamp": "10.550804", "Pr": [1, 1], "Po": [0.5, -2.81], "Pb": [-0.3722127076658231, -1.7076684216486677], "ERROR": [0.872212707665823, -1.1023315783513323]}
{"timestamp": "10.655783", "Pr": [1, 1], "Po": [0.5, -2.81], "Pb": [-0.3722127076658231, -1.7076684216486677], "ERROR": [0.872212707665823, -1.1023315783513323]}
{"timestamp": "10.762256", "Pr": [1, 1], "Po": [0.5, -2.81], "Pb": [-0.3722127076658231, -1.7076684216486677], "ERROR": [0.872212707665823, -1.1023315783513323]}
{"timestamp": "10.869764", "Pr": [1, 1], "Po": [0.5, -2.81], "Pb": [-0.3722127076658231, -1.7076684216486677], "ERROR": [0.872212707665823, -1.1023315783513323]}
{"timestamp": "10.974759", "Pr": [1, 1], "Po": [0.5, -2.81], "Pb": [-0.3722127076658231, -1.7076684216486677], "ERROR": [0.872212707665823, -1.1023315783513323]}
{"timestamp": "11.081264", "Pr": [1, 1], "Po": [0.5, -2.81], "Pb": [-0.32437182641303697, -1.325448057044138], "ERROR": [0.824371826413037, -1.484551942955862]}
{"timestamp": "11.186602", "Pr": [1, 1], "Po": [0.5, -2.81], "Pb": [-0.32437182641303697, -1.325448057044138], "ERROR": [0.824371826413037, -1.484551942955862]}
{"timestamp": "11.291314", "Pr": [1, 1], "Po": [0.5, -2.81], "Pb": [-0.32437182641303697, -1.325448057044138], "ERROR": [0.824371826413037, -1.484551942955862]}
{"timestamp": "11.402604", "Pr": [1, 1], "Po": [0.5, -2.81], "Pb": [-0.32437182641303697, -1.325448057044138], "ERROR": [0.824371826413037, -1.484551942955862]}
