{"timestamp": "1.243178", "Pr": [1, 1], "Po": [-0.11, -1.19], "Pb": [-0.23459809240643015, -1.5501074573889662], "ERROR": [0.12459809240643015, 0.3601074573889662]}
{"timestamp": "2.356598", "Pr": [1, 1], "Po": [-0.11, -1.19], "Pb": [-0.01250133207680165, -0.560182204914875], "ERROR": [-0.09749866792319835, -0.6298177950851249]}
{"timestamp": "3.461136", "Pr": [1, 1], "Po": [-0.11, -1.19], "Pb": [-0.4096558520359667, -1.5562902677764308], "ERROR": [0.29965585203596673, 0.3662902677764308]}
{"timestamp": "4.569483", "Pr": [1, 1], "Po": [-0.11, -1.19], "Pb": [-0.17926880341916862, -1.6332995163901358], "ERROR": [0.06926880341916862, 0.4432995163901359]}
{"timestamp": "5.674506", "Pr": [1, 1], "Po": [-0.11, -1.19], "Pb": [-0.17926880341916862, -1.6332995163901358], "ERROR": [0.06926880341916862, 0.4432995163901359]}
{"timestamp": "6.780308", "Pr": [1, 1], "Po": [-0.11, -1.19], "Pb": [-0.27985551584242807, -1.5128363887413807], "ERROR": [0.16985551584242808, 0.32283638874138076]}
{"timestamp": "7.941581", "Pr": [1, 1], "Po": [-0.11, -1.19], "Pb": [-0.12925251923190662, -0.7704843653743149], "ERROR": [0.019252519231906615, -0.4195156346256851]}
{"timestamp": "8.048947", "Pr": [1, 1], "Po": [-0.11, -1.19], "Pb": [-0.12925251923190662, -0.7704843653743149], "ERROR": [0.019252519231906615, -0.4195156346256851]}
{"timestamp": "8.155224", "Pr": [1, 1], "Po": [-0.1, -1.2], "Pb": [-0.12925251923190662, -0.7704843653743149], "ERROR": [0.02925251923190661, -0.4295156346256851]}
{"timestamp": "8.272245", "Pr": [1, 1], "Po": [-0.08, -1.25], "Pb": [-0.12925251923190662, -0.7704843653743149], "ERROR": [0.049252519231906614, -0.47951563462568514]}
{"timestamp": "8.377591", "Pr": [1, 1], "Po": [-0.07, -1.28], "Pb": [-0.12925251923190662, -0.7704843653743149], "ERROR": [0.05925251923190661, -0.5095156346256852]}
{"timestamp": "8.486460", "Pr": [1, 1], "Po": [-0.04, -1.34], "Pb": [-0.12925251923190662, -0.7704843653743149], "ERROR": [0.08925251923190661, -0.5695156346256852]}
{"timestamp": "8.592640", "Pr": [1, 1], "Po": [-0.02, -1.4], "Pb": [-0.12925251923190662, -0.7704843653743149], "ERROR": [0.10925251923190661, -0.629515634625685]}
{"timestamp": "8.698402", "Pr": [1, 1], "Po": [0.01, -1.47], "Pb": [-0.12925251923190662, -0.7704843653743149], "ERROR": [0.13925251923190662, -0.6995156346256851]}
{"timestamp": "8.805169", "Pr": [1, 1], "Po": [0.04, -1.54], "Pb": [-0.4070879187505671, -1.187506359928453], "ERROR": [0.4470879187505671, -0.35249364007154704]}
{"timestamp": "8.910644", "Pr": [1, 1], "Po": [0.07, -1.62], "Pb": [-0.4070879187505671, -1.187506359928453], "ERROR": [0.4770879187505671, -0.4324936400715471]}
{"timestamp": "9.016382", "Pr": [1, 1], "Po": [0.11, -1.71], "Pb": [-0.4070879187505671, -1.187506359928453], "ERROR": [0.5170879187505671, -0.522493640071547]}
{"timestamp": "9.122396", "Pr": [1, 1], "Po": [0.14, -1.78], "Pb": [-0.4070879187505671, -1.187506359928453], "ERROR": [0.5470879187505671, -0.592493640071547]}
{"timestamp": "9.227997", "Pr": [1, 1], "Po": [0.17, -1.87], "Pb": [-0.4070879187505671, -1.187506359928453], "ERROR": [0.5770879187505671, -0.6824936400715471]}
{"timestamp": "9.335933", "Pr": [1, 1], "Po": [0.19, -1.94], "Pb": [-0.4070879187505671, -1.187506359928453], "ERROR": [0.5970879187505671, -0.752493640071547]}
{"timestamp": "9.441648", "Pr": [1, 1], "Po": [0.22, -2.01], "Pb": [-0.4070879187505671, -1.187506359928453], "ERROR": [0.6270879187505671, -0.8224936400715468]}
{"timestamp": "9.551331", "Pr": [1, 1], "Po": [0.24, -2.1], "Pb": [-0.4070879187505671, -1.187506359928453], "ERROR": [0.6470879187505671, -0.9124936400715471]}
{"timestamp": "9.657546", "Pr": [1, 1], "Po": [0.27, -2.19], "Pb": [-0.4070879187505671, -1.187506359928453], "ERROR": [0.6770879187505672, -1.002493640071547]}
{"timestamp": "9.765256", "Pr": [1, 1], "Po": [0.29, -2.27], "Pb": [-0.4070879187505671, -1.187506359928453], "ERROR": [0.6970879187505671, -1.082493640071547]}
{"timestamp": "9.873682", "Pr": [1, 1], "Po": [0.32, -2.35], "Pb": [-0.4070879187505671, -1.187506359928453], "ERROR": [0.7270879187505671, -1.162493640071547]}
{"timestamp": "9.983865", "Pr": [1, 1], "Po": [0.34, -2.44], "Pb": [-0.4070879187505671, -1.187506359928453], "ERROR": [0.7470879187505671, -1.252493640071547]}
{"timestamp": "10.090043", "Pr": [1, 1], "Po": [0.36, -2.52], "Pb": [-0.4070879187505671, -1.187506359928453], "ERROR": [0.767087918750567, -1.332493640071547]}
{"timestamp": "10.200522", "Pr": [1, 1], "Po": [0.37, -2.61], "Pb": [-0.4070879187505671, -1.187506359928453], "ERROR": [0.777087918750567, -1.4224936400715469]}
{"timestamp": "10.323878", "Pr": [1, 1], "Po": [0.38, -2.69], "Pb": [-0.4070879187505671, -1.187506359928453], "ERROR": [0.787087918750567, -1.502493640071547]}
{"timestamp": "10.431729", "Pr": [1, 1], "Po": [0.39, -2.76], "Pb": [-0.4070879187505671, -1.187506359928453], "ERROR": [0.7970879187505671, -1.5724936400715468]}
{"timestamp": "10.537308", "Pr": [1, 1], "Po": [0.4, -2.84], "Pb": [-0.4070879187505671, -1.187506359928453], "ERROR": [0.8070879187505671, -1.6524936400715469]}
{"timestamp": "10.651882", "Pr": [1, 1], "Po": [0.41, -2.89], "Pb": [-0.4070879187505671, -1.187506359928453], "ERROR": [0.8170879187505671, -1.7024936400715471]}
{"timestamp": "10.759341", "Pr": [1, 1], "Po": [0.42, -2.93], "Pb": [-1.0081480855034402, -1.282804317228654], "ERROR": [1.42814808550344, -1.647195682771346]}
{"timestamp": "10.864577", "Pr": [1, 1], "Po": [0.42, -2.95], "Pb": [-1.0081480855034402, -1.282804317228654], "ERROR": [1.42814808550344, -1.667195682771346]}
{"timestamp": "10.969357", "Pr": [1, 1], "Po": [0.42, -2.96], "Pb": [-0.503381532758127, -1.8080549998615199], "ERROR": [0.923381532758127, -1.1519450001384801]}
{"timestamp": "11.074494", "Pr": [1, 1], "Po": [0.42, -2.96], "Pb": [-0.503381532758127, -1.8080549998615199], "ERROR": [0.923381532758127, -1.1519450001384801]}
{"timestamp": "11.180197", "Pr": [1, 1], "Po": [0.42, -2.96], "Pb": [-0.503381532758127, -1.8080549998615199], "ERROR": [0.923381532758127, -1.1519450001384801]}
{"timestamp": "11.288899", "Pr": [1, 1], "Po": [0.42, -2.96], "Pb": [-0.24689191387087162, -1.324959881226613], "ERROR": [0.6668919138708715, -1.635040118773387]}
{"timestamp": "11.398110", "Pr": [1, 1], "Po": [0.42, -2.96], "Pb": [-0.24689191387087162, -1.324959881226613], "ERROR": [0.6668919138708715, -1.635040118773387]}
{"timestamp": "11.504860", "Pr": [1, 1], "Po": [0.42, -2.96], "Pb": [-0.24689191387087162, -1.324959881226613], "ERROR": [0.6668919138708715, -1.635040118773387]}
{"timestamp": "11.612889", "Pr": [1, 1], "Po": [0.42, -2.96], "Pb": [-0.34336345334772383, -1.4345748508379637], "ERROR": [0.7633634533477238, -1.5254251491620363]}
{"timestamp": "11.719877", "Pr": [1, 1], "Po": [0.42, -2.96], "Pb": [-0.34336345334772383, -1.4345748508379637], "ERROR": [0.7633634533477238, -1.5254251491620363]}
{"timestamp": "11.825664", "Pr": [1, 1], "Po": [0.42, -2.96], "Pb": [-0.34336345334772383, -1.4345748508379637], "ERROR": [0.7633634533477238, -1.5254251491620363]}
{"timestamp": "11.932893", "Pr": [1, 1], "Po": [0.42, -2.96], "Pb": [-0.34336345334772383, -1.4345748508379637], "ERROR": [0.7633634533477238, -1.5254251491620363]}
{"timestamp": "12.038366", "Pr": [1, 1], "Po": [0.42, -2.96], "Pb": [-0.40174612650537966, -1.3277374151450092], "ERROR": [0.8217461265053796, -1.6322625848549908]}
{"timestamp": "12.143486", "Pr": [1, 1], "Po": [0.42, -2.96], "Pb": [-0.40174612650537966, -1.3277374151450092], "ERROR": [0.8217461265053796, -1.6322625848549908]}
{"timestamp": "12.252893", "Pr": [1, 1], "Po": [0.42, -2.96], "Pb": [-0.5186831905755298, -1.6316937706561865], "ERROR": [0.9386831905755297, -1.3283062293438135]}
{"timestamp": "12.362812", "Pr": [1, 1], "Po": [0.42, -2.96], "Pb": [-0.5186831905755298, -1.6316937706561865], "ERROR": [0.9386831905755297, -1.3283062293438135]}
{"timestamp": "12.471668", "Pr": [1, 1], "Po": [0.42, -2.96], "Pb": [-0.5186831905755298, -1.6316937706561865],