{"timestamp": "7.882468", "Pr": [1, 1], "Po": [-0.11, -1.19], "Pb": [-0.38640115934138236, -1.2200914722754204], "ERROR": [0.2764011593413824, 0.030091472275420417]}
{"timestamp": "8.988256", "Pr": [1, 1], "Po": [-0.11, -1.19], "Pb": [-0.38640115934138236, -1.2200914722754204], "ERROR": [0.2764011593413824, 0.030091472275420417]}
{"timestamp": "10.094596", "Pr": [1, 1], "Po": [-0.11, -1.19], "Pb": [-0.38640115934138236, -1.2200914722754204], "ERROR": [0.2764011593413824, 0.030091472275420417]}
{"timestamp": "11.199776", "Pr": [1, 1], "Po": [-0.11, -1.19], "Pb": [-0.38640115934138236, -1.2200914722754204], "ERROR": [0.2764011593413824, 0.030091472275420417]}
{"timestamp": "12.313767", "Pr": [1, 1], "Po": [-0.11, -1.19], "Pb": [-0.38640115934138236, -1.2200914722754204], "ERROR": [0.2764011593413824, 0.030091472275420417]}
{"timestamp": "12.421056", "Pr": [1, 1], "Po": [-0.11, -1.19], "Pb": [-0.38640115934138236, -1.2200914722754204], "ERROR": [0.2764011593413824, 0.030091472275420417]}
{"timestamp": "12.526714", "Pr": [1, 1], "Po": [-0.11, -1.19], "Pb": [-0.38640115934138236, -1.2200914722754204], "ERROR": [0.2764011593413824, 0.030091472275420417]}
{"timestamp": "12.733952", "Pr": [1, 1], "Po": [-0.1, -1.19], "Pb": [-0.38640115934138236, -1.2200914722754204], "ERROR": [0.2864011593413823, 0.030091472275420417]}
{"timestamp": "12.838705", "Pr": [1, 1], "Po": [-0.1, -1.2], "Pb": [-0.38640115934138236, -1.2200914722754204], "ERROR": [0.2864011593413823, 0.020091472275420408]}
{"timestamp": "12.946039", "Pr": [1, 1], "Po": [-0.08, -1.23], "Pb": [-0.38640115934138236, -1.2200914722754204], "ERROR": [0.30640115934138235, -0.009908527724579619]}
{"timestamp": "13.052617", "Pr": [1, 1], "Po": [-0.08, -1.24], "Pb": [-0.38640115934138236, -1.2200914722754204], "ERROR": [0.30640115934138235, -0.019908527724579628]}
{"timestamp": "13.159216", "Pr": [1, 1], "Po": [-0.06, -1.26], "Pb": [-0.38640115934138236, -1.2200914722754204], "ERROR": [0.32640115934138236, -0.039908527724579645]}
{"timestamp": "13.265332", "Pr": [1, 1], "Po": [-0.05, -1.29], "Pb": [-0.38640115934138236, -1.2200914722754204], "ERROR": [0.33640115934138237, -0.06990852772457967]}
{"timestamp": "13.374219", "Pr": [1, 1], "Po": [-0.04, -1.31], "Pb": [-0.38640115934138236, -1.2200914722754204], "ERROR": [0.3464011593413824, -0.08990852772457969]}
{"timestamp": "13.490763", "Pr": [1, 1], "Po": [-0.03, -1.33], "Pb": [-0.38640115934138236, -1.2200914722754204], "ERROR": [0.3564011593413824, -0.10990852772457971]}
{"timestamp": "13.596414", "Pr": [1, 1], "Po": [-0.02, -1.35], "Pb": [-0.38640115934138236, -1.2200914722754204], "ERROR": [0.36640115934138234, -0.12990852772457973]}
{"timestamp": "13.702073", "Pr": [1, 1], "Po": [0.0, -1.38], "Pb": [-0.38640115934138236, -1.2200914722754204], "ERROR": [0.38640115934138236, -0.15990852772457953]}
{"timestamp": "13.807737", "Pr": [1, 1], "Po": [0.02, -1.41], "Pb": [-0.38640115934138236, -1.2200914722754204], "ERROR": [0.4064011593413824, -0.18990852772457956]}
{"timestamp": "13.914525", "Pr": [1, 1], "Po": [0.04, -1.45], "Pb": [-0.38640115934138236, -1.2200914722754204], "ERROR": [0.42640115934138234, -0.2299085277245796]}
{"timestamp": "14.022644", "Pr": [1, 1], "Po": [0.06, -1.49], "Pb": [-0.38640115934138236, -1.2200914722754204], "ERROR": [0.44640115934138236, -0.2699085277245796]}
{"timestamp": "14.128071", "Pr": [1, 1], "Po": [0.08, -1.52], "Pb": [-0.38640115934138236, -1.2200914722754204], "ERROR": [0.4664011593413824, -0.29990852772457965]}
{"timestamp": "14.233277", "Pr": [1, 1], "Po": [0.1, -1.56], "Pb": [-0.38640115934138236, -1.2200914722754204], "ERROR": [0.4864011593413824, -0.3399085277245797]}
{"timestamp": "14.344869", "Pr": [1, 1], "Po": [0.12, -1.59], "Pb": [-0.38640115934138236, -1.2200914722754204], "ERROR": [0.5064011593413824, -0.3699085277245797]}
{"timestamp": "14.451506", "Pr": [1, 1], "Po": [0.13, -1.61], "Pb": [-0.38640115934138236, -1.2200914722754204], "ERROR": [0.5164011593413824, -0.38990852772457973]}
{"timestamp": "14.557870", "Pr": [1, 1], "Po": [0.15, -1.64], "Pb": [-0.38640115934138236, -1.2200914722754204], "ERROR": [0.5364011593413823, -0.41990852772457954]}
{"timestamp": "14.664693", "Pr": [1, 1], "Po": [0.17, -1.67], "Pb": [-0.38640115934138236, -1.2200914722754204], "ERROR": [0.5564011593413823, -0.44990852772457957]}
{"timestamp": "14.772339", "Pr": [1, 1], "Po": [0.19, -1.71], "Pb": [-0.38640115934138236, -1.2200914722754204], "ERROR": [0.5764011593413824, -0.4899085277245796]}
{"timestamp": "14.879779", "Pr": [1, 1], "Po": [0.21, -1.74], "Pb": [-0.38640115934138236, -1.2200914722754204], "ERROR": [0.5964011593413824, -0.5199085277245796]}
{"timestamp": "14.984130", "Pr": [1, 1], "Po": [0.22, -1.77], "Pb": [-0.38640115934138236, -1.2200914722754204], "ERROR": [0.6064011593413824, -0.5499085277245797]}
{"timestamp": "15.089641", "Pr": [1, 1], "Po": [0.24, -1.81], "Pb": [-0.38640115934138236, -1.2200914722754204], "ERROR": [0.6264011593413823, -0.5899085277245797]}
{"timestamp": "15.195385", "Pr": [1, 1], "Po": [0.26, -1.85], "Pb": [-0.38640115934138236, -1.2200914722754204], "ERROR": [0.6464011593413823, -0.6299085277245797]}
{"timestamp": "15.300941", "Pr": [1, 1], "Po": [0.28, -1.89], "Pb": [-0.38640115934138236, -1.2200914722754204], "ERROR": [0.6664011593413823, -0.6699085277245795]}
{"timestamp": "15.408684", "Pr": [1, 1], "Po": [0.3, -1.92], "Pb": [-0.38640115934138236, -1.2200914722754204], "ERROR": [0.6864011593413823, -0.6999085277245796]}
{"timestamp": "15.516133", "Pr": [1, 1], "Po": [0.31, -1.94], "Pb": [-0.42725222979567595, -2.181520926745406], "ERROR": [0.737252229795676, 0.24152092674540615]}
{"timestamp": "15.622377", "Pr": [1, 1], "Po": [0.33, -1.98], "Pb": [-0.42725222979567595, -2.181520926745406], "ERROR": [0.757252229795676, 0.20152092674540611]}
{"timestamp": "15.728038", "Pr": [1, 1], "Po": [0.35, -2.02], "Pb": [-0.42725222979567595, -2.181520926745406], "ERROR": [0.7772522297956759, 0.16152092674540608]}
{"timestamp": "15.833153", "Pr": [1, 1], "Po": [0.36, -2.05], "Pb": [-0.42725222979567595, -2.181520926745406], "ERROR": [0.7872522297956759, 0.13152092674540627]}
{"timestamp": "15.940603", "Pr": [1, 1], "Po": [0.38, -2.09], "Pb": [-0.42725222979567595, -2.181520926745406], "ERROR": [0.8072522297956759, 0.09152092674540624]}
{"timestamp": "16.046610", "Pr": [1, 1], "Po": [0.4, -2.13], "Pb": [-0.42725222979567595, -2.181520926745406], "ERROR": [0.8272522297956759, 0.051520926745406204]}
{"timestamp": "16.151602", "Pr": [1, 1], "Po": [0.41, -2.17], "Pb": [-0.42725222979567595, -2.181520926745406], "ERROR": [0.8372522297956759, 0.011520926745406168]}
{"timestamp": "16.257035", "Pr": [1, 1], "Po": [0.43, -2.21], "Pb": [-0.42725222979567595, -2.181520926745406], "ERROR": [0.857252229795676, -0.028479073254593867]}
{"timestamp": "16.364280", "Pr": [1, 1], "Po": [0.45, -2.25], "Pb": [-0.42725222979567595, -2.181520926745406], "ERROR": [0.877252229795676, -0.0684790732545939]}
{"timestamp": "16.480398", "Pr": [1, 1], "Po": [0.46, -2.28], "Pb": [-0.42725222979567595, -2.181520926745406], "ERROR": [0.887252229795676, -0.09847907325459371]}
{"timestamp": "16.587755", "Pr": [1, 1], "Po": [0.47, -2.31], "Pb": [-0.42725222979567595, -2.181520926745406], "ERROR": [0.897252229795676, -0.12847907325459396]}
{"timestamp": "16.694774", "Pr": [1, 1], "Po": [0.48, -2.35], "Pb": [-0.42725222979567595, -2.181520926745406], "ERROR": [0.907252229795676, -0.168479073254594]}
{"timestamp": "16.800210", "Pr": [1, 1], "Po": [0.5, -2.38], "Pb": [-0.42725222979567595, -2.181520926745406], "ERROR": [0.927252229795676, -0.1984790732545938]}
{"timestamp": "16.905300", "Pr": [1, 1], "Po": [0.51, -2.42], "Pb": [-0.42725222979567595, -2.181520926745406], "ERROR": [0.937252229795676, -0.23847907325459383]}
{"timestamp": "17.011346", "Pr": [1, 1], "Po": [0.53, -2.46], "Pb": [-0.42725222979567595, -2.181520926745406], "ERROR": [0.957252229795676, -0.27847907325459387]}
{"timestamp": "17.117389", "Pr": [1, 1],