{"timestamp": "9.026312", "Pr": [1, 1], "Po": [-0.11, -1.19], "Pb": [-0.2294911904488799, -1.548698403569209], "ERROR": [0.11949119044887989, 0.3586984035692091]}
{"timestamp": "10.131407", "Pr": [1, 1], "Po": [-0.11, -1.19], "Pb": [-0.2294911904488799, -1.548698403569209], "ERROR": [0.11949119044887989, 0.3586984035692091]}
{"timestamp": "11.238977", "Pr": [1, 1], "Po": [-0.11, -1.19], "Pb": [-0.23538058827670902, -1.2745813565753867], "ERROR": [0.125380588276709, 0.08458135657538679]}
{"timestamp": "11.344404", "Pr": [1, 1], "Po": [-0.11, -1.19], "Pb": [-0.23538058827670902, -1.2745813565753867], "ERROR": [0.125380588276709, 0.08458135657538679]}
{"timestamp": "11.451303", "Pr": [1, 1], "Po": [-0.11, -1.2], "Pb": [-0.23538058827670902, -1.2745813565753867], "ERROR": [0.125380588276709, 0.07458135657538678]}
{"timestamp": "11.556449", "Pr": [1, 1], "Po": [-0.1, -1.21], "Pb": [-0.23538058827670902, -1.2745813565753867], "ERROR": [0.135380588276709, 0.06458135657538677]}
{"timestamp": "11.662516", "Pr": [1, 1], "Po": [-0.09, -1.23], "Pb": [-0.23538058827670902, -1.2745813565753867], "ERROR": [0.14538058827670902, 0.044581356575386755]}
{"timestamp": "11.768920", "Pr": [1, 1], "Po": [-0.08, -1.24], "Pb": [-0.23538058827670902, -1.2745813565753867], "ERROR": [0.15538058827670903, 0.034581356575386746]}
{"timestamp": "11.875835", "Pr": [1, 1], "Po": [-0.07, -1.26], "Pb": [-0.23538058827670902, -1.2745813565753867], "ERROR": [0.165380588276709, 0.014581356575386728]}
{"timestamp": "11.981710", "Pr": [1, 1], "Po": [-0.06, -1.28], "Pb": [-0.23538058827670902, -1.2745813565753867], "ERROR": [0.17538058827670902, -0.00541864342461329]}
{"timestamp": "12.088199", "Pr": [1, 1], "Po": [-0.05, -1.3], "Pb": [-0.23538058827670902, -1.2745813565753867], "ERROR": [0.185380588276709, -0.025418643424613308]}
{"timestamp": "12.193832", "Pr": [1, 1], "Po": [-0.04, -1.32], "Pb": [-0.23538058827670902, -1.2745813565753867], "ERROR": [0.195380588276709, -0.045418643424613325]}
{"timestamp": "12.300928", "Pr": [1, 1], "Po": [-0.03, -1.34], "Pb": [-0.23538058827670902, -1.2745813565753867], "ERROR": [0.20538058827670902, -0.06541864342461334]}
{"timestamp": "12.411093", "Pr": [1, 1], "Po": [-0.02, -1.37], "Pb": [-0.23538058827670902, -1.2745813565753867], "ERROR": [0.21538058827670903, -0.09541864342461337]}
{"timestamp": "12.516315", "Pr": [1, 1], "Po": [-0.0, -1.39], "Pb": [-0.23538058827670902, -1.2745813565753867], "ERROR": [0.23538058827670902, -0.11541864342461317]}
{"timestamp": "12.621613", "Pr": [1, 1], "Po": [0.01, -1.42], "Pb": [-0.23538058827670902, -1.2745813565753867], "ERROR": [0.24538058827670903, -0.1454186434246132]}
{"timestamp": "12.758503", "Pr": [1, 1], "Po": [0.01, -1.42], "Pb": [-0.23538058827670902, -1.2745813565753867], "ERROR": [0.24538058827670903, -0.1454186434246132]}
{"timestamp": "12.864615", "Pr": [1, 1], "Po": [0.03, -1.44], "Pb": [-0.23538058827670902, -1.2745813565753867], "ERROR": [0.265380588276709, -0.1654186434246132]}
{"timestamp": "12.971030", "Pr": [1, 1], "Po": [0.04, -1.47], "Pb": [-0.23538058827670902, -1.2745813565753867], "ERROR": [0.275380588276709, -0.19541864342461324]}
{"timestamp": "13.087630", "Pr": [1, 1], "Po": [0.05, -1.49], "Pb": [-0.3154003895935537, -1.0408295780911978], "ERROR": [0.3654003895935537, -0.4491704219088022]}
{"timestamp": "13.194480", "Pr": [1, 1], "Po": [0.07, -1.51], "Pb": [-0.3154003895935537, -1.0408295780911978], "ERROR": [0.3854003895935537, -0.4691704219088022]}
{"timestamp": "13.305737", "Pr": [1, 1], "Po": [0.08, -1.54], "Pb": [-0.3154003895935537, -1.0408295780911978], "ERROR": [0.3954003895935537, -0.49917042190880223]}
{"timestamp": "13.414411", "Pr": [1, 1], "Po": [0.09, -1.55], "Pb": [-0.3154003895935537, -1.0408295780911978], "ERROR": [0.40540038959355373, -0.5091704219088022]}
{"timestamp": "13.522672", "Pr": [1, 1], "Po": [0.1, -1.58], "Pb": [-0.3154003895935537, -1.0408295780911978], "ERROR": [0.41540038959355374, -0.5391704219088023]}
{"timestamp": "13.629554", "Pr": [1, 1], "Po": [0.11, -1.6], "Pb": [-0.3154003895935537, -1.0408295780911978], "ERROR": [0.4254003895935537, -0.5591704219088023]}
{"timestamp": "13.736202", "Pr": [1, 1], "Po": [0.13, -1.63], "Pb": [-0.3154003895935537, -1.0408295780911978], "ERROR": [0.4454003895935537, -0.5891704219088021]}
{"timestamp": "13.842354", "Pr": [1, 1], "Po": [0.15, -1.67], "Pb": [-0.3154003895935537, -1.0408295780911978], "ERROR": [0.4654003895935537, -0.6291704219088021]}
{"timestamp": "13.948139", "Pr": [1, 1], "Po": [0.16, -1.69], "Pb": [-0.3154003895935537, -1.0408295780911978], "ERROR": [0.4754003895935537, -0.6491704219088021]}
{"timestamp": "14.053433", "Pr": [1, 1], "Po": [0.18, -1.72], "Pb": [-0.3154003895935537, -1.0408295780911978], "ERROR": [0.4954003895935537, -0.6791704219088022]}
{"timestamp": "14.159795", "Pr": [1, 1], "Po": [0.19, -1.76], "Pb": [-0.3154003895935537, -1.0408295780911978], "ERROR": [0.5054003895935537, -0.7191704219088022]}
{"timestamp": "14.266197", "Pr": [1, 1], "Po": [0.21, -1.79], "Pb": [-0.3154003895935537, -1.0408295780911978], "ERROR": [0.5254003895935537, -0.7491704219088022]}
{"timestamp": "14.372809", "Pr": [1, 1], "Po": [0.22, -1.81], "Pb": [-0.3154003895935537, -1.0408295780911978], "ERROR": [0.5354003895935537, -0.7691704219088022]}
{"timestamp": "14.479522", "Pr": [1, 1], "Po": [0.23, -1.84], "Pb": [-0.3154003895935537, -1.0408295780911978], "ERROR": [0.5454003895935537, -0.7991704219088023]}
{"timestamp": "14.585515", "Pr": [1, 1], "Po": [0.25, -1.86], "Pb": [-0.3154003895935537, -1.0408295780911978], "ERROR": [0.5654003895935538, -0.8191704219088023]}
{"timestamp": "14.691226", "Pr": [1, 1], "Po": [0.26, -1.9], "Pb": [-0.3154003895935537, -1.0408295780911978], "ERROR": [0.5754003895935538, -0.8591704219088021]}
{"timestamp": "14.795161", "Pr": [1, 1], "Po": [0.28, -1.93], "Pb": [-0.3154003895935537, -1.0408295780911978], "ERROR": [0.5954003895935538, -0.8891704219088021]}
{"timestamp": "14.900844", "Pr": [1, 1], "Po": [0.29, -1.96], "Pb": [-0.3154003895935537, -1.0408295780911978], "ERROR": [0.6054003895935537, -0.9191704219088022]}
{"timestamp": "15.005621", "Pr": [1, 1], "Po": [0.3, -1.99], "Pb": [-0.3154003895935537, -1.0408295780911978], "ERROR": [0.6154003895935537, -0.9491704219088022]}
{"timestamp": "15.112890", "Pr": [1, 1], "Po": [0.32, -2.02], "Pb": [-0.3154003895935537, -1.0408295780911978], "ERROR": [0.6354003895935537, -0.9791704219088022]}
{"timestamp": "15.222824", "Pr": [1, 1], "Po": [0.33, -2.05], "Pb": [-0.3154003895935537, -1.0408295780911978], "ERROR": [0.6454003895935537, -1.009170421908802]}
{"timestamp": "15.332557", "Pr": [1, 1], "Po": [0.34, -2.08], "Pb": [-0.3154003895935537, -1.0408295780911978], "ERROR": [0.6554003895935537, -1.0391704219088023]}
{"timestamp": "15.444700", "Pr": [1, 1], "Po": [0.35, -2.1], "Pb": [-0.3154003895935537, -1.0408295780911978], "ERROR": [0.6654003895935536, -1.0591704219088023]}
{"timestamp": "15.549818", "Pr": [1, 1], "Po": [0.36, -2.13], "Pb": [-0.3154003895935537, -1.0408295780911978], "ERROR": [0.6754003895935536, -1.089170421908802]}
{"timestamp": "15.663889", "Pr": [1, 1], "Po": [0.38, -2.16], "Pb": [-0.04004471548071866, -1.348743866704002], "ERROR": [0.42004471548071864, -0.8112561332959982]}
{"timestamp": "15.769439", "Pr": [1, 1], "Po": [0.39, -2.19], "Pb": [-0.04004471548071866, -1.348743866704002], "ERROR": [0.43004471548071865, -0.841256133295998]}
{"timestamp": "15.876037", "Pr": [1, 1], "Po": [0.4, -2.22], "Pb": [-0.04004471548071866, -1.348743866704002], "ERROR": [0.44004471548071866, -0.8712561332959983]}
{"timestamp": "15.981263", "Pr": [1, 1], "Po": [0.41, -2.25], "Pb": [-0.04004471548071866, -1.348743866704002], "ERROR": [0.4500447154807186, -0.9012561332959981]}
{"timestamp": "16.086841", "Pr": [1, 1], "Po": [0.42, -2.28], "Pb": [-0.04004471548071866, -1.348743866704002], "ERROR": [0.4600447154807186, -0.9312561332959979]}
{"timestamp": "16.191586", "Pr": [1, 1], "Po": [0.43, -2.3],