{"timestamp": "0.111590", "Pr": [0, 0], "Po": [-0.0018900665454566479, -0.0021923030726611614], "Pb": [-0.22814857757247547, -2.255950250235836], "ERROR": [0.22625851102701883, 2.253757947163175]}
{"timestamp": "0.228139", "Pr": [0, 0], "Po": [-0.0019045290537178516, -0.0021905412431806326], "Pb": [-0.22814857757247547, -2.255950250235836], "ERROR": [0.22624404851875762, 2.2537597089926553]}
{"timestamp": "0.349085", "Pr": [0, 0], "Po": [-0.0019070918206125498, -0.002181591000407934], "Pb": [-0.22814857757247547, -2.255950250235836], "ERROR": [0.22624148575186293, 2.253768659235428]}
{"timestamp": "0.469431", "Pr": [0, 0], "Po": [-0.0018874190282076597, -0.0022017003502696753], "Pb": [-0.22814857757247547, -2.255950250235836], "ERROR": [0.22626115854426782, 2.2537485498855663]}
{"timestamp": "0.588358", "Pr": [0, 0], "Po": [-0.0018916629487648606, -0.0021802952978760004], "Pb": [-0.22814857757247547, -2.255950250235836], "ERROR": [0.22625691462371061, 2.25376995493796]}
{"timestamp": "0.701248", "Pr": [0, 0], "Po": [-0.0018905154429376125, -0.0021877482067793608], "Pb": [-0.22814857757247547, -2.255950250235836], "ERROR": [0.22625806212953786, 2.2537625020290566]}
{"timestamp": "0.813397", "Pr": [0, 0], "Po": [-0.0018788198940455914, -0.002182575175538659], "Pb": [-0.22814857757247547, -2.255950250235836], "ERROR": [0.22626975767842988, 2.2537676750602973]}
{"timestamp": "0.925889", "Pr": [0, 0], "Po": [-0.0018882075091823936, -0.002190581988543272], "Pb": [-0.22814857757247547, -2.255950250235836], "ERROR": [0.22626037006329308, 2.2537596682472927]}
{"timestamp": "1.040390", "Pr": [0, 0], "Po": [-0.0019168865401297808, -0.0021811635233461857], "Pb": [-0.22814857757247547, -2.255950250235836], "ERROR": [0.2262316910323457, 2.2537690867124898]}
{"timestamp": "1.154067", "Pr": [0, 0], "Po": [-0.003003155579790473, -0.003925512079149485], "Pb": [-0.22814857757247547, -2.255950250235836], "ERROR": [0.225145421992685, 2.2520247381566865]}
{"timestamp": "1.268168", "Pr": [0, 0], "Po": [-0.006655437406152487, -0.014266325160861015], "Pb": [-0.22814857757247547, -2.255950250235836], "ERROR": [0.221493140166323, 2.241683925074975]}
{"timestamp": "1.383154", "Pr": [0, 0], "Po": [-0.008084865286946297, -0.03796909376978874], "Pb": [-0.22814857757247547, -2.255950250235836], "ERROR": [0.22006371228552918, 2.217981156466047]}
{"timestamp": "1.500346", "Pr": [0, 0], "Po": [-0.009708361700177193, -0.0680089145898819], "Pb": [-0.22814857757247547, -2.255950250235836], "ERROR": [0.21844021587229828, 2.187941335645954]}
{"timestamp": "1.618937", "Pr": [0, 0], "Po": [-0.011622796766459942, -0.10650608688592911], "Pb": [-0.22814857757247547, -2.255950250235836], "ERROR": [0.21652578080601553, 2.149444163349907]}
{"timestamp": "1.731502", "Pr": [0, 0], "Po": [-0.01362796314060688, -0.13930995762348175], "Pb": [-0.22814857757247547, -2.255950250235836], "ERROR": [0.2145206144318686, 2.116640292612354]}
{"timestamp": "1.845811", "Pr": [0, 0], "Po": [-0.0160992369055748, -0.18395337462425232], "Pb": [-0.22814857757247547, -2.255950250235836], "ERROR": [0.21204934066690068, 2.0719968756115836]}
{"timestamp": "1.961030", "Pr": [0, 0], "Po": [-0.017712682485580444, -0.2184213101863861], "Pb": [-0.22814857757247547, -2.255950250235836], "ERROR": [0.21043589508689503, 2.03752894004945]}
{"timestamp": "2.075106", "Pr": [0, 0], "Po": [-0.020909035578370094, -0.2693248391151428], "Pb": [-0.22814857757247547, -2.255950250235836], "ERROR": [0.20723954199410538, 1.9866254111206931]}
{"timestamp": "2.186920", "Pr": [0, 0], "Po": [-0.02495981566607952, -0.31391435861587524], "Pb": [-0.22814857757247547, -2.255950250235836], "ERROR": [0.20318876190639595, 1.9420358916199607]}
{"timestamp": "2.315789", "Pr": [0, 0], "Po": [-0.02980508655309677, -0.35476356744766235], "Pb": [-0.22814857757247547, -2.255950250235836], "ERROR": [0.1983434910193787, 1.9011866827881736]}
{"timestamp": "2.433677", "Pr": [0, 0], "Po": [-0.0357399620115757, -0.40455377101898193], "Pb": [-0.22814857757247547, -2.255950250235836], "ERROR": [0.19240861556089978, 1.851396479216854]}
{"timestamp": "2.551860", "Pr": [0, 0], "Po": [-0.04132094234228134, -0.44914084672927856], "Pb": [-0.22814857757247547, -2.255950250235836], "ERROR": [0.18682763523019413, 1.8068094035065574]}
{"timestamp": "2.666780", "Pr": [0, 0], "Po": [-0.04771706089377403, -0.4933781325817108], "Pb": [-0.22814857757247547, -2.255950250235836], "ERROR": [0.18043151667870144, 1.7625721176541251]}
{"timestamp": "2.782997", "Pr": [0, 0], "Po": [-0.05502285063266754, -0.5384323000907898], "Pb": [-0.22814857757247547, -2.255950250235836], "ERROR": [0.17312572693980793, 1.7175179501450462]}
{"timestamp": "2.895613", "Pr": [0, 0], "Po": [-0.062032993882894516, -0.5856432318687439], "Pb": [-0.22814857757247547, -2.255950250235836], "ERROR": [0.16611558368958096, 1.670307018367092]}
{"timestamp": "3.008033", "Pr": [0, 0], "Po": [-0.06768032908439636, -0.6294485926628113], "Pb": [-0.22814857757247547, -2.255950250235836], "ERROR": [0.1604682484880791, 1.6265016575730247]}
{"timestamp": "3.125412", "Pr": [0, 0], "Po": [-0.0736442357301712, -0.6717362403869629], "Pb": [-0.22814857757247547, -2.255950250235836], "ERROR": [0.15450434184230427, 1.584214009848873]}
{"timestamp": "3.238410", "Pr": [0, 0], "Po": [-0.08124218881130219, -0.7199152112007141], "Pb": [-0.22814857757247547, -2.255950250235836], "ERROR": [0.1469063887611733, 1.5360350390351218]}
{"timestamp": "3.353021", "Pr": [0, 0], "Po": [-0.08704303205013275, -0.7603398561477661], "Pb": [-0.22814857757247547, -2.255950250235836], "ERROR": [0.14110554552234272, 1.4956103940880698]}
{"timestamp": "3.469097", "Pr": [0, 0], "Po": [-0.09338929504156113, -0.8072914481163025], "Pb": [-0.22814857757247547, -2.255950250235836], "ERROR": [0.13475928253091435, 1.4486588021195335]}
{"timestamp": "3.584850", "Pr": [0, 0], "Po": [-0.09988340735435486, -0.8477293252944946], "Pb": [-0.22814857757247547, -2.255950250235836], "ERROR": [0.12826517021812062, 1.4082209249413413]}
{"timestamp": "3.703476", "Pr": [0, 0], "Po": [-0.10857964307069778, -0.8958145380020142], "Pb": [-0.22814857757247547, -2.255950250235836], "ERROR": [0.11956893450177769, 1.3601357122338218]}
{"timestamp": "3.818517", "Pr": [0, 0], "Po": [-0.11600605398416519, -0.9375122785568237], "Pb": [-0.22814857757247547, -2.255950250235836], "ERROR": [0.11214252358831028, 1.3184379716790122]}
{"timestamp": "3.932871", "Pr": [0, 0], "Po": [-0.12356360256671906, -0.9831017851829529], "Pb": [-0.22814857757247547, -2.255950250235836], "ERROR": [0.10458497500575642, 1.272848465052883]}
{"timestamp": "4.045795", "Pr": [0, 0], "Po": [-0.13192687928676605, -1.0296430587768555], "Pb": [-0.22814857757247547, -2.255950250235836], "ERROR": [0.09622169828570942, 1.2263071914589805]}
{"timestamp": "4.158844", "Pr": [0, 0], "Po": [-0.14069898426532745, -1.0727177858352661], "Pb": [-0.22814857757247547, -2.255950250235836], "ERROR": [0.08744959330714802, 1.1832324644005698]}
{"timestamp": "4.273498", "Pr": [0, 0], "Po": [-0.14948174357414246, -1.1153309345245361], "Pb": [-0.22814857757247547, -2.255950250235836], "ERROR": [0.07866683399833302, 1.1406193157112998]}
{"timestamp": "4.388783", "Pr": [0, 0], "Po": [-0.160538449883461, -1.1637861728668213], "Pb": [-0.22814857757247547, -2.255950250235836], "ERROR": [0.06761012768901448, 1.0921640773690147]}
{"timestamp": "4.507015", "Pr": [0, 0], "Po": [-0.1702605038881302, -1.2051012516021729], "Pb": [-0.22814857757247547, -2.255950250235836], "ERROR": [0.05788807368434529, 1.050848998633663]}
{"timestamp": "4.628614", "Pr": [0, 0], "Po": [-0.18274633586406708, -1.253165602684021], "Pb": [-0.22814857757247547, -2.255950250235836], "ERROR": [0.0454022417084084, 1.002784647551815]}
{"timestamp": "4.744136", "Pr": [0, 0], "Po": [-0.1965671330690384, -1.3014612197875977], "Pb": [-0.22814857757247547, -2.255950250235836], "ERROR": [0.031581444503437084, 0.9544890304482383]}
{"timestamp": "4.856664", "Pr": [0, 0],