{"timestamp": "0.117435", "Pr": [0, 0], "Po": [0.10184583067893982, -1.6049333810806274], "Pb": [-0.22644906773457898, -2.2431366488446303], "ERROR": [0.3282948984135188, 0.6382032677640028]}
{"timestamp": "0.241731", "Pr": [0, 0], "Po": [0.10183865576982498, -1.6049388647079468], "Pb": [-0.22644906773457898, -2.2431366488446303], "ERROR": [0.32828772350440394, 0.6381977841366835]}
{"timestamp": "0.358362", "Pr": [0, 0], "Po": [0.101842001080513, -1.604931354522705], "Pb": [-0.22644906773457898, -2.2431366488446303], "ERROR": [0.32829106881509196, 0.6382052943219252]}
{"timestamp": "0.472480", "Pr": [0, 0], "Po": [0.1018250435590744, -1.6049400568008423], "Pb": [-0.22644906773457898, -2.2431366488446303], "ERROR": [0.32827411129365336, 0.638196592043788]}
{"timestamp": "0.587013", "Pr": [0, 0], "Po": [0.10183513164520264, -1.6049293279647827], "Pb": [-0.22644906773457898, -2.2431366488446303], "ERROR": [0.3282841993797816, 0.6382073208798476]}
{"timestamp": "0.703548", "Pr": [0, 0], "Po": [0.10358641296625137, -1.607828974723816], "Pb": [-0.22644906773457898, -2.2431366488446303], "ERROR": [0.33003548070083033, 0.6353076741208143]}
{"timestamp": "0.818012", "Pr": [0, 0], "Po": [0.1145065501332283, -1.6181429624557495], "Pb": [-0.22644906773457898, -2.2431366488446303], "ERROR": [0.34095561786780726, 0.6249936863888808]}
{"timestamp": "0.930354", "Pr": [0, 0], "Po": [0.129068061709404, -1.6312111616134644], "Pb": [-0.22644906773457898, -2.2431366488446303], "ERROR": [0.35551712944398295, 0.6119254872311659]}
{"timestamp": "1.041957", "Pr": [0, 0], "Po": [0.14898939430713654, -1.6456440687179565], "Pb": [-0.22644906773457898, -2.2431366488446303], "ERROR": [0.3754384620417155, 0.5974925801266737]}
{"timestamp": "1.156722", "Pr": [0, 0], "Po": [0.16843298077583313, -1.6567401885986328], "Pb": [-0.22644906773457898, -2.2431366488446303], "ERROR": [0.3948820485104121, 0.5863964602459975]}
{"timestamp": "1.273840", "Pr": [0, 0], "Po": [0.20224109292030334, -1.672800898551941], "Pb": [-0.22644906773457898, -2.2431366488446303], "ERROR": [0.4286901606548823, 0.5703357502926893]}
{"timestamp": "1.390105", "Pr": [0, 0], "Po": [0.23322784900665283, -1.6834139823913574], "Pb": [-0.22644906773457898, -2.2431366488446303], "ERROR": [0.4596769167412318, 0.5597226664532728]}
{"timestamp": "1.505047", "Pr": [0, 0], "Po": [0.26588359475135803, -1.6912682056427002], "Pb": [-0.22644906773457898, -2.2431366488446303], "ERROR": [0.492332662485937, 0.5518684432019301]}
{"timestamp": "1.620641", "Pr": [0, 0], "Po": [0.3015226423740387, -1.6928433179855347], "Pb": [-0.22644906773457898, -2.2431366488446303], "ERROR": [0.5279717101086177, 0.5502933308590956]}
{"timestamp": "1.736337", "Pr": [0, 0], "Po": [0.3387034237384796, -1.6830843687057495], "Pb": [-0.22644906773457898, -2.2431366488446303], "ERROR": [0.5651524914730586, 0.5600522801388808]}
{"timestamp": "1.848923", "Pr": [0, 0], "Po": [0.36813491582870483, -1.671152949333191], "Pb": [-0.22644906773457898, -2.2431366488446303], "ERROR": [0.5945839835632838, 0.5719836995114393]}
{"timestamp": "1.960707", "Pr": [0, 0], "Po": [0.4011147916316986, -1.6499097347259521], "Pb": [-0.22644906773457898, -2.2431366488446303], "ERROR": [0.6275638593662776, 0.5932269141186781]}
{"timestamp": "2.076808", "Pr": [0, 0], "Po": [0.42575570940971375, -1.6238396167755127], "Pb": [-0.22644906773457898, -2.2431366488446303], "ERROR": [0.6522047771442927, 0.6192970320691176]}
{"timestamp": "2.191308", "Pr": [0, 0], "Po": [0.44794443249702454, -1.5895997285842896], "Pb": [-0.22644906773457898, -2.2431366488446303], "ERROR": [0.6743935002316035, 0.6535369202603407]}
{"timestamp": "2.306509", "Pr": [0, 0], "Po": [0.4579135477542877, -1.553406000137329], "Pb": [-0.22644906773457898, -2.2431366488446303], "ERROR": [0.6843626154888667, 0.6897306487073012]}
{"timestamp": "2.421808", "Pr": [0, 0], "Po": [0.4591023921966553, -1.5103789567947388], "Pb": [-0.22644906773457898, -2.2431366488446303], "ERROR": [0.6855514599312342, 0.7327576920498915]}
{"timestamp": "2.541496", "Pr": [0, 0], "Po": [0.45367196202278137, -1.4750725030899048], "Pb": [-0.22644906773457898, -2.2431366488446303], "ERROR": [0.6801210297573603, 0.7680641457547255]}
{"timestamp": "2.660110", "Pr": [0, 0], "Po": [0.4381820261478424, -1.4328608512878418], "Pb": [-0.22644906773457898, -2.2431366488446303], "ERROR": [0.6646310938824214, 0.8102757975567885]}
{"timestamp": "2.776501", "Pr": [0, 0], "Po": [0.4165340065956116, -1.398433804512024], "Pb": [-0.22644906773457898, -2.2431366488446303], "ERROR": [0.6429830743301905, 0.8447028443326063]}
{"timestamp": "2.890211", "Pr": [0, 0], "Po": [0.39259833097457886, -1.3744535446166992], "Pb": [-0.22644906773457898, -2.2431366488446303], "ERROR": [0.6190473987091578, 0.868683104227931]}
{"timestamp": "3.001788", "Pr": [0, 0], "Po": [0.3614233732223511, -1.3527501821517944], "Pb": [-0.22644906773457898, -2.2431366488446303], "ERROR": [0.58787244095693, 0.8903864666928358]}
{"timestamp": "3.116517", "Pr": [0, 0], "Po": [0.3267839252948761, -1.3361080884933472], "Pb": [-0.22644906773457898, -2.2431366488446303], "ERROR": [0.5532329930294551, 0.9070285603512831]}
{"timestamp": "3.231748", "Pr": [0, 0], "Po": [0.29714009165763855, -1.32682204246521], "Pb": [-0.22644906773457898, -2.2431366488446303], "ERROR": [0.5235891593922175, 0.9163146063794203]}
{"timestamp": "3.350712", "Pr": [0, 0], "Po": [0.25904035568237305, -1.320050835609436], "Pb": [-0.22644906773457898, -2.2431366488446303], "ERROR": [0.485489423416952, 0.9230858132351942]}
{"timestamp": "3.467398", "Pr": [0, 0], "Po": [0.22285529971122742, -1.3189114332199097], "Pb": [-0.22644906773457898, -2.2431366488446303], "ERROR": [0.4493043674458064, 0.9242252156247206]}
{"timestamp": "3.589628", "Pr": [0, 0], "Po": [0.17563804984092712, -1.3233017921447754], "Pb": [-0.22644906773457898, -2.2431366488446303], "ERROR": [0.4020871175755061, 0.9198348566998549]}
{"timestamp": "3.702324", "Pr": [0, 0], "Po": [0.1376361846923828, -1.3329558372497559], "Pb": [-0.22644906773457898, -2.2431366488446303], "ERROR": [0.36408525242696177, 0.9101808115948744]}
{"timestamp": "3.816707", "Pr": [0, 0], "Po": [0.1064072847366333, -1.3486053943634033], "Pb": [-0.22644906773457898, -2.2431366488446303], "ERROR": [0.33285635247121226, 0.894531254481227]}
{"timestamp": "3.930424", "Pr": [0, 0], "Po": [0.07647471874952316, -1.374348759651184], "Pb": [-0.22644906773457898, -2.2431366488446303], "ERROR": [0.3029237864841021, 0.8687878891934462]}
{"timestamp": "4.043921", "Pr": [0, 0], "Po": [0.05215319246053696, -1.4064306020736694], "Pb": [-0.22644906773457898, -2.2431366488446303], "ERROR": [0.2786022601951159, 0.8367060467709608]}
{"timestamp": "4.162919", "Pr": [0, 0], "Po": [0.03437327966094017, -1.4424383640289307], "Pb": [-0.22644906773457898, -2.2431366488446303], "ERROR": [0.2608223473955191, 0.8006982848156996]}
{"timestamp": "4.282427", "Pr": [0, 0], "Po": [0.021913539618253708, -1.4784919023513794], "Pb": [-0.22644906773457898, -2.2431366488446303], "ERROR": [0.2483626073528327, 0.7646447464932509]}
{"timestamp": "4.398997", "Pr": [0, 0], "Po": [0.019088998436927795, -1.5165585279464722], "Pb": [-0.22644906773457898, -2.2431366488446303], "ERROR": [0.24553806617150678, 0.7265781208981581]}
{"timestamp": "4.513334", "Pr": [0, 0], "Po": [0.024555301293730736, -1.5547302961349487], "Pb": [-0.22644906773457898, -2.2431366488446303], "ERROR": [0.2510043690283097, 0.6884063527096815]}
{"timestamp": "4.624472", "Pr": [0, 0], "Po": [0.037836723029613495, -1.5910283327102661], "Pb": [-0.22644906773457898, -2.2431366488446303], "ERROR": [0.26428579076419245, 0.6521083161343642]}
{"timestamp": "4.736153", "Pr": [0, 0], "Po": [0.055228255689144135, -1.6218376159667969], "Pb": [-0.22644906773457898, -2.2431366488446303], "ERROR": [0.2816773234237231, 0.6212990328778334]}
{"timestamp": "4.850383", "Pr": [0, 0], "Po": [0.07710085809230804, -1.6502429246902466], "Pb": [-0.22644906773457898, -2.2431366488446303],