{"timestamp": "0.120188", "Pr": [1, 1], "Po": [-0.63, -1.96], "Pb": [0, 0], "ERROR": [-0.63, -1.96]}
{"timestamp": "1.239985", "Pr": [1, 1], "Po": [-0.63, -1.96], "Pb": [0, 0], "ERROR": [-0.63, -1.96]}
{"timestamp": "2.352208", "Pr": [1, 1], "Po": [-0.63, -1.96], "Pb": [0, 0], "ERROR": [-0.63, -1.96]}
{"timestamp": "3.460352", "Pr": [1, 1], "Po": [-0.63, -1.96], "Pb": [0.38589232949283453, -2.087597632060163], "ERROR": [-1.0158923294928346, 0.12759763206016306]}
{"timestamp": "4.566699", "Pr": [1, 1], "Po": [-0.63, -1.96], "Pb": [0.38589232949283453, -2.087597632060163], "ERROR": [-1.0158923294928346, 0.12759763206016306]}
{"timestamp": "5.672436", "Pr": [1, 1], "Po": [-0.63, -1.96], "Pb": [0.38589232949283453, -2.087597632060163], "ERROR": [-1.0158923294928346, 0.12759763206016306]}
{"timestamp": "6.784055", "Pr": [1, 1], "Po": [-0.63, -1.96], "Pb": [0.38589232949283453, -2.087597632060163], "ERROR": [-1.0158923294928346, 0.12759763206016306]}
{"timestamp": "7.960036", "Pr": [1, 1], "Po": [-0.63, -1.96], "Pb": [0.3745393628345613, -2.0986023311918687], "ERROR": [-1.0045393628345614, 0.1386023311918687]}
{"timestamp": "9.066266", "Pr": [1, 1], "Po": [-0.63, -1.96], "Pb": [0.3745393628345613, -2.0986023311918687], "ERROR": [-1.0045393628345614, 0.1386023311918687]}
{"timestamp": "10.172124", "Pr": [1, 1], "Po": [-0.63, -1.96], "Pb": [0.4311212822079231, -2.0609204377319243], "ERROR": [-1.0611212822079232, 0.10092043773192438]}
{"timestamp": "10.277632", "Pr": [1, 1], "Po": [-0.63, -1.96], "Pb": [0.4311212822079231, -2.0609204377319243], "ERROR": [-1.0611212822079232, 0.10092043773192438]}
{"timestamp": "10.385746", "Pr": [1, 1], "Po": [-0.63, -1.95], "Pb": [0.4311212822079231, -2.0609204377319243], "ERROR": [-1.0611212822079232, 0.11092043773192439]}
{"timestamp": "10.499234", "Pr": [1, 1], "Po": [-0.63, -1.93], "Pb": [0.4311212822079231, -2.0609204377319243], "ERROR": [-1.0611212822079232, 0.1309204377319244]}
{"timestamp": "10.607570", "Pr": [1, 1], "Po": [-0.63, -1.92], "Pb": [0.4311212822079231, -2.0609204377319243], "ERROR": [-1.0611212822079232, 0.14092043773192442]}
{"timestamp": "10.713256", "Pr": [1, 1], "Po": [-0.62, -1.89], "Pb": [0.4311212822079231, -2.0609204377319243], "ERROR": [-1.051121282207923, 0.17092043773192445]}
{"timestamp": "10.816936", "Pr": [1, 1], "Po": [-0.62, -1.85], "Pb": [0.4311212822079231, -2.0609204377319243], "ERROR": [-1.051121282207923, 0.21092043773192426]}
{"timestamp": "10.927193", "Pr": [1, 1], "Po": [-0.61, -1.82], "Pb": [0.4311212822079231, -2.0609204377319243], "ERROR": [-1.0411212822079232, 0.2409204377319243]}
{"timestamp": "11.034080", "Pr": [1, 1], "Po": [-0.61, -1.79], "Pb": [0.4311212822079231, -2.0609204377319243], "ERROR": [-1.0411212822079232, 0.2709204377319243]}
{"timestamp": "11.140476", "Pr": [1, 1], "Po": [-0.6, -1.75], "Pb": [0.4311212822079231, -2.0609204377319243], "ERROR": [-1.031121282207923, 0.31092043773192435]}
{"timestamp": "11.246165", "Pr": [1, 1], "Po": [-0.6, -1.72], "Pb": [0.4311212822079231, -2.0609204377319243], "ERROR": [-1.031121282207923, 0.3409204377319244]}
{"timestamp": "11.350347", "Pr": [1, 1], "Po": [-0.59, -1.67], "Pb": [0.4311212822079231, -2.0609204377319243], "ERROR": [-1.0211212822079232, 0.3909204377319244]}
{"timestamp": "11.462745", "Pr": [1, 1], "Po": [-0.59, -1.64], "Pb": [0.4311212822079231, -2.0609204377319243], "ERROR": [-1.0211212822079232, 0.42092043773192445]}
{"timestamp": "11.569601", "Pr": [1, 1], "Po": [-0.59, -1.61], "Pb": [0.4311212822079231, -2.0609204377319243], "ERROR": [-1.0211212822079232, 0.45092043773192425]}
{"timestamp": "11.673793", "Pr": [1, 1], "Po": [-0.58, -1.57], "Pb": [0.4311212822079231, -2.0609204377319243], "ERROR": [-1.011121282207923, 0.4909204377319243]}
{"timestamp": "11.781610", "Pr": [1, 1], "Po": [-0.58, -1.53], "Pb": [0.4311212822079231, -2.0609204377319243], "ERROR": [-1.011121282207923, 0.5309204377319243]}
{"timestamp": "11.887182", "Pr": [1, 1], "Po": [-0.58, -1.47], "Pb": [0.4311212822079231, -2.0609204377319243], "ERROR": [-1.011121282207923, 0.5909204377319244]}
{"timestamp": "11.993433", "Pr": [1, 1], "Po": [-0.57, -1.43], "Pb": [0.4311212822079231, -2.0609204377319243], "ERROR": [-1.0011212822079232, 0.6309204377319244]}
{"timestamp": "12.100402", "Pr": [1, 1], "Po": [-0.57, -1.38], "Pb": [0.4311212822079231, -2.0609204377319243], "ERROR": [-1.0011212822079232, 0.6809204377319245]}
{"timestamp": "12.206203", "Pr": [1, 1], "Po": [-0.57, -1.34], "Pb": [0.4311212822079231, -2.0609204377319243], "ERROR": [-1.0011212822079232, 0.7209204377319243]}
{"timestamp": "12.313665", "Pr": [1, 1], "Po": [-0.57, -1.29], "Pb": [0.4311212822079231, -2.0609204377319243], "ERROR": [-1.0011212822079232, 0.7709204377319243]}
{"timestamp": "12.418023", "Pr": [1, 1], "Po": [-0.57, -1.24], "Pb": [0.4311212822079231, -2.0609204377319243], "ERROR": [-1.0011212822079232, 0.8209204377319244]}
{"timestamp": "12.532701", "Pr": [1, 1], "Po": [-0.56, -1.21], "Pb": [0.4311212822079231, -2.0609204377319243], "ERROR": [-0.9911212822079232, 0.8509204377319244]}
{"timestamp": "12.644507", "Pr": [1, 1], "Po": [-0.56, -1.18], "Pb": [0.4311212822079231, -2.0609204377319243], "ERROR": [-0.9911212822079232, 0.8809204377319244]}
{"timestamp": "12.862112", "Pr": [1, 1], "Po": [-0.56, -1.16], "Pb": [0.4311212822079231, -2.0609204377319243], "ERROR": [-0.9911212822079232, 0.9009204377319244]}
{"timestamp": "12.971476", "Pr": [1, 1], "Po": [-0.56, -1.11], "Pb": [0.4311212822079231, -2.0609204377319243], "ERROR": [-0.9911212822079232, 0.9509204377319243]}
{"timestamp": "13.076085", "Pr": [1, 1], "Po": [-0.56, -1.06], "Pb": [0.4311212822079231, -2.0609204377319243], "ERROR": [-0.9911212822079232, 1.0009204377319243]}
{"timestamp": "13.180733", "Pr": [1, 1], "Po": [-0.56, -1.01], "Pb": [0.4311212822079231, -2.0609204377319243], "ERROR": [-0.9911212822079232, 1.0509204377319243]}
{"timestamp": "13.285485", "Pr": [1, 1], "Po": [-0.55, -0.95], "Pb": [0.4311212822079231, -2.0609204377319243], "ERROR": [-0.9811212822079232, 1.1109204377319244]}
{"timestamp": "13.390676", "Pr": [1, 1], "Po": [-0.55, -0.9], "Pb": [0.4311212822079231, -2.0609204377319243], "ERROR": [-0.9811212822079232, 1.1609204377319244]}
{"timestamp": "13.495830", "Pr": [1, 1], "Po": [-0.55, -0.86], "Pb": [0.4311212822079231, -2.0609204377319243], "ERROR": [-0.9811212822079232, 1.2009204377319245]}
{"timestamp": "13.603696", "Pr": [1, 1], "Po": [-0.55, -0.81], "Pb": [0.4311212822079231, -2.0609204377319243], "ERROR": [-0.9811212822079232, 1.2509204377319243]}
{"timestamp": "13.709426", "Pr": [1, 1], "Po": [-0.55, -0.78], "Pb": [0.4311212822079231, -2.0609204377319243], "ERROR": [-0.9811212822079232, 1.2809204377319243]}
{"timestamp": "13.814303", "Pr": [1, 1], "Po": [-0.55, -0.73], "Pb": [0.4311212822079231, -2.0609204377319243], "ERROR": [-0.9811212822079232, 1.3309204377319244]}
{"timestamp": "13.919858", "Pr": [1, 1], "Po": [-0.54, -0.67], "Pb": [0.4311212822079231, -2.0609204377319243], "ERROR": [-0.9711212822079232, 1.3909204377319244]}
{"timestamp": "14.026265", "Pr": [1, 1], "Po": [-0.54, -0.62], "Pb": [0.4311212822079231, -2.0609204377319243], "ERROR": [-0.9711212822079232, 1.4409204377319242]}
{"timestamp": "14.135919", "Pr": [1, 1], "Po": [-0.54, -0.56], "Pb": [0.4311212822079231, -2.0609204377319243], "ERROR": [-0.9711212822079232, 1.5009204377319243]}
{"timestamp": "14.239839", "Pr": [1, 1], "Po": [-0.54, -0.51], "Pb": [0.4311212822079231, -2.0609204377319243], "ERROR": [-0.9711212822079232, 1.5509204377319243]}
{"timestamp": "14.346961", "Pr": [1, 1], "Po": [-0.54, -0.44], "Pb": [0.4311212822079231, -2.0609204377319243], "ERROR": [-0.9711212822079232, 1.6209204377319244]}
{"timestamp": "14.452359", "Pr": [1, 1], "Po": [-0.53, -0.41], "Pb": [0.4311212822079231, -2.0609204377319243], "ERROR": [-0.9611212822079231, 1.6509204377319244]}
{"timestamp": "14.561106", "Pr": [1, 1], "Po": [-0.53, -0.38], "Pb": [0.4311212822079231, -2.0609204377319243],