{"timestamp": "0.107946", "Pr": [0, 0], "Po": [0.228878915309906, 1.2531386613845825], "Pb": [0.43205100890152726, -1.4245974618568336], "ERROR": [-0.20317209359162125, 2.677736123241416]}
{"timestamp": "0.223882", "Pr": [0, 0], "Po": [0.228878915309906, 1.2531386613845825], "Pb": [0.43205100890152726, -1.4245974618568336], "ERROR": [-0.20317209359162125, 2.677736123241416]}
{"timestamp": "0.340666", "Pr": [0, 0], "Po": [0.228878915309906, 1.2531386613845825], "Pb": [0.43205100890152726, -1.4245974618568336], "ERROR": [-0.20317209359162125, 2.677736123241416]}
{"timestamp": "0.452805", "Pr": [0, 0], "Po": [0.228878915309906, 1.2531386613845825], "Pb": [0.43205100890152726, -1.4245974618568336], "ERROR": [-0.20317209359162125, 2.677736123241416]}
{"timestamp": "0.563224", "Pr": [0, 0], "Po": [0.228878915309906, 1.2531386613845825], "Pb": [0.6503149897678345, -1.817938415593305], "ERROR": [-0.4214360744579285, 3.0710770769778875]}
{"timestamp": "0.675061", "Pr": [0, 0], "Po": [0.228878915309906, 1.2531386613845825], "Pb": [0.6503149897678345, -1.817938415593305], "ERROR": [-0.4214360744579285, 3.0710770769778875]}
{"timestamp": "0.784570", "Pr": [0, 0], "Po": [0.228878915309906, 1.2531386613845825], "Pb": [0.6503149897678345, -1.817938415593305], "ERROR": [-0.4214360744579285, 3.0710770769778875]}
{"timestamp": "0.896106", "Pr": [0, 0], "Po": [0.228878915309906, 1.2531386613845825], "Pb": [0.6503149897678345, -1.817938415593305], "ERROR": [-0.4214360744579285, 3.0710770769778875]}
{"timestamp": "1.012242", "Pr": [0, 0], "Po": [0.228878915309906, 1.2531386613845825], "Pb": [0.6503149897678345, -1.817938415593305], "ERROR": [-0.4214360744579285, 3.0710770769778875]}
{"timestamp": "1.123852", "Pr": [0, 0], "Po": [0.228878915309906, 1.2531386613845825], "Pb": [0.6503149897678345, -1.817938415593305], "ERROR": [-0.4214360744579285, 3.0710770769778875]}
{"timestamp": "1.239911", "Pr": [0, 0], "Po": [0.228878915309906, 1.2531386613845825], "Pb": [0.6503149897678345, -1.817938415593305], "ERROR": [-0.4214360744579285, 3.0710770769778875]}
{"timestamp": "1.356980", "Pr": [0, 0], "Po": [0.228878915309906, 1.2531386613845825], "Pb": [0.6503149897678345, -1.817938415593305], "ERROR": [-0.4214360744579285, 3.0710770769778875]}
{"timestamp": "1.470065", "Pr": [0, 0], "Po": [0.228878915309906, 1.2531386613845825], "Pb": [0.6503149897678345, -1.817938415593305], "ERROR": [-0.4214360744579285, 3.0710770769778875]}
{"timestamp": "1.581183", "Pr": [0, 0], "Po": [0.228878915309906, 1.2531386613845825], "Pb": [0.6503149897678345, -1.817938415593305], "ERROR": [-0.4214360744579285, 3.0710770769778875]}
{"timestamp": "1.691763", "Pr": [0, 0], "Po": [0.228878915309906, 1.2531386613845825], "Pb": [0.6503149897678345, -1.817938415593305], "ERROR": [-0.4214360744579285, 3.0710770769778875]}
{"timestamp": "1.804238", "Pr": [0, 0], "Po": [0.228878915309906, 1.2531386613845825], "Pb": [0.6503149897678345, -1.817938415593305], "ERROR": [-0.4214360744579285, 3.0710770769778875]}
{"timestamp": "1.916331", "Pr": [0, 0], "Po": [0.228878915309906, 1.2531386613845825], "Pb": [0.6503149897678345, -1.817938415593305], "ERROR": [-0.4214360744579285, 3.0710770769778875]}
{"timestamp": "2.027899", "Pr": [0, 0], "Po": [0.228878915309906, 1.2531386613845825], "Pb": [0.6503149897678345, -1.817938415593305], "ERROR": [-0.4214360744579285, 3.0710770769778875]}
{"timestamp": "2.143353", "Pr": [0, 0], "Po": [0.228878915309906, 1.2531386613845825], "Pb": [0.6503149897678345, -1.817938415593305], "ERROR": [-0.4214360744579285, 3.0710770769778875]}
{"timestamp": "2.263266", "Pr": [0, 0], "Po": [0.228878915309906, 1.2531386613845825], "Pb": [0.6503149897678345, -1.817938415593305], "ERROR": [-0.4214360744579285, 3.0710770769778875]}
{"timestamp": "2.374621", "Pr": [0, 0], "Po": [0.228878915309906, 1.2531386613845825], "Pb": [0.6503149897678345, -1.817938415593305], "ERROR": [-0.4214360744579285, 3.0710770769778875]}
{"timestamp": "2.485398", "Pr": [0, 0], "Po": [0.228878915309906, 1.2531386613845825], "Pb": [0.6503149897678345, -1.817938415593305], "ERROR": [-0.4214360744579285, 3.0710770769778875]}
{"timestamp": "2.597011", "Pr": [0, 0], "Po": [0.228878915309906, 1.2531386613845825], "Pb": [0.6503149897678345, -1.817938415593305], "ERROR": [-0.4214360744579285, 3.0710770769778875]}
{"timestamp": "2.707157", "Pr": [0, 0], "Po": [0.228878915309906, 1.2531386613845825], "Pb": [0.6503149897678345, -1.817938415593305], "ERROR": [-0.4214360744579285, 3.0710770769778875]}
{"timestamp": "2.816573", "Pr": [0, 0], "Po": [0.228878915309906, 1.2531386613845825], "Pb": [0.6503149897678345, -1.817938415593305], "ERROR": [-0.4214360744579285, 3.0710770769778875]}
{"timestamp": "2.926184", "Pr": [0, 0], "Po": [0.228878915309906, 1.2531386613845825], "Pb": [0.6503149897678345, -1.817938415593305], "ERROR": [-0.4214360744579285, 3.0710770769778875]}
{"timestamp": "3.035059", "Pr": [0, 0], "Po": [0.228878915309906, 1.2531386613845825], "Pb": [0.6503149897678345, -1.817938415593305], "ERROR": [-0.4214360744579285, 3.0710770769778875]}
{"timestamp": "3.143994", "Pr": [0, 0], "Po": [0.228878915309906, 1.2531386613845825], "Pb": [-0.2786032150125843, -2.1741678639604882], "ERROR": [0.5074821303224903, 3.4273065253450707]}
{"timestamp": "3.259008", "Pr": [0, 0], "Po": [0.228878915309906, 1.2531386613845825], "Pb": [-0.2786032150125843, -2.1741678639604882], "ERROR": [0.5074821303224903, 3.4273065253450707]}
{"timestamp": "3.377927", "Pr": [0, 0], "Po": [0.228878915309906, 1.2531386613845825], "Pb": [-0.2786032150125843, -2.1741678639604882], "ERROR": [0.5074821303224903, 3.4273065253450707]}
{"timestamp": "3.489900", "Pr": [0, 0], "Po": [0.228878915309906, 1.2531386613845825], "Pb": [-0.2786032150125843, -2.1741678639604882], "ERROR": [0.5074821303224903, 3.4273065253450707]}
{"timestamp": "3.600364", "Pr": [0, 0], "Po": [0.228878915309906, 1.2531386613845825], "Pb": [-0.2786032150125843, -2.1741678639604882], "ERROR": [0.5074821303224903, 3.4273065253450707]}
{"timestamp": "3.713779", "Pr": [0, 0], "Po": [0.228878915309906, 1.2531386613845825], "Pb": [-0.2786032150125843, -2.1741678639604882], "ERROR": [0.5074821303224903, 3.4273065253450707]}
{"timestamp": "3.823462", "Pr": [0, 0], "Po": [0.228878915309906, 1.2531386613845825], "Pb": [-0.2786032150125843, -2.1741678639604882], "ERROR": [0.5074821303224903, 3.4273065253450707]}
{"timestamp": "3.936216", "Pr": [0, 0], "Po": [0.228878915309906, 1.2531386613845825], "Pb": [-0.2786032150125843, -2.1741678639604882], "ERROR": [0.5074821303224903, 3.4273065253450707]}
{"timestamp": "4.051721", "Pr": [0, 0], "Po": [0.228878915309906, 1.2531386613845825], "Pb": [-0.2786032150125843, -2.1741678639604882], "ERROR": [0.5074821303224903, 3.4273065253450707]}
{"timestamp": "4.161355", "Pr": [0, 0], "Po": [0.228878915309906, 1.2531386613845825], "Pb": [-0.2786032150125843, -2.1741678639604882], "ERROR": [0.5074821303224903, 3.4273065253450707]}
{"timestamp": "4.276493", "Pr": [0, 0], "Po": [0.228878915309906, 1.2531386613845825], "Pb": [-0.2786032150125843, -2.1741678639604882], "ERROR": [0.5074821303224903, 3.4273065253450707]}
{"timestamp": "4.395053", "Pr": [0, 0], "Po": [0.228878915309906, 1.2531386613845825], "Pb": [-0.2786032150125843, -2.1741678639604882], "ERROR": [0.5074821303224903, 3.4273065253450707]}
{"timestamp": "4.510699", "Pr": [0, 0], "Po": [0.228878915309906, 1.2531386613845825], "Pb": [-0.2786032150125843, -2.1741678639604882], "ERROR": [0.5074821303224903, 3.4273065253450707]}
{"timestamp": "4.624851", "Pr": [0, 0], "Po": [0.228878915309906, 1.2531386613845825], "Pb": [-0.2786032150125843, -2.1741678639604882], "ERROR": [0.5074821303224903, 3.4273065253450707]}
{"timestamp": "4.740740", "Pr": [0, 0], "Po": [0.228878915309906, 1.2531386613845825], "Pb": [-0.2786032150125843, -2.1741678639604882], "ERROR": [0.5074821303224903, 3.4273065253450707]}
{"timestamp": "4.857371", "Pr": [0, 0], "Po": [0.228878915309906, 1.2531386613845825],