{"timestamp": "0.115627", "Pr": [0, 0], "Po": [0.228878915309906, 1.2531386613845825], "Pb": [-0.2498557603231254, -2.205063462839428], "ERROR": [0.4787346756330314, 3.4582021242240106]}
{"timestamp": "0.236447", "Pr": [0, 0], "Po": [0.228878915309906, 1.2531386613845825], "Pb": [-0.2498557603231254, -2.205063462839428], "ERROR": [0.4787346756330314, 3.4582021242240106]}
{"timestamp": "0.352077", "Pr": [0, 0], "Po": [0.228878915309906, 1.2531386613845825], "Pb": [-0.2498557603231254, -2.205063462839428], "ERROR": [0.4787346756330314, 3.4582021242240106]}
{"timestamp": "0.470033", "Pr": [0, 0], "Po": [0.228878915309906, 1.2531386613845825], "Pb": [-0.2498557603231254, -2.205063462839428], "ERROR": [0.4787346756330314, 3.4582021242240106]}
{"timestamp": "0.580767", "Pr": [0, 0], "Po": [0.228878915309906, 1.2531386613845825], "Pb": [-0.2498557603231254, -2.205063462839428], "ERROR": [0.4787346756330314, 3.4582021242240106]}
{"timestamp": "0.694308", "Pr": [0, 0], "Po": [0.228878915309906, 1.2531386613845825], "Pb": [-0.2498557603231254, -2.205063462839428], "ERROR": [0.4787346756330314, 3.4582021242240106]}
{"timestamp": "0.813311", "Pr": [0, 0], "Po": [0.228878915309906, 1.2531386613845825], "Pb": [-0.2498557603231254, -2.205063462839428], "ERROR": [0.4787346756330314, 3.4582021242240106]}
{"timestamp": "0.926104", "Pr": [0, 0], "Po": [0.228878915309906, 1.2531386613845825], "Pb": [-0.2498557603231254, -2.205063462839428], "ERROR": [0.4787346756330314, 3.4582021242240106]}
{"timestamp": "1.039389", "Pr": [0, 0], "Po": [0.228878915309906, 1.2531386613845825], "Pb": [-0.2498557603231254, -2.205063462839428], "ERROR": [0.4787346756330314, 3.4582021242240106]}
{"timestamp": "1.157301", "Pr": [0, 0], "Po": [0.228878915309906, 1.2531386613845825], "Pb": [-0.2498557603231254, -2.205063462839428], "ERROR": [0.4787346756330314, 3.4582021242240106]}
{"timestamp": "1.271331", "Pr": [0, 0], "Po": [0.228878915309906, 1.2531386613845825], "Pb": [-0.2498557603231254, -2.205063462839428], "ERROR": [0.4787346756330314, 3.4582021242240106]}
{"timestamp": "1.380470", "Pr": [0, 0], "Po": [0.228878915309906, 1.2531386613845825], "Pb": [-0.2498557603231254, -2.205063462839428], "ERROR": [0.4787346756330314, 3.4582021242240106]}
{"timestamp": "1.493619", "Pr": [0, 0], "Po": [0.228878915309906, 1.2531386613845825], "Pb": [-0.2498557603231254, -2.205063462839428], "ERROR": [0.4787346756330314, 3.4582021242240106]}
{"timestamp": "1.607206", "Pr": [0, 0], "Po": [0.228878915309906, 1.2531386613845825], "Pb": [-0.2498557603231254, -2.205063462839428], "ERROR": [0.4787346756330314, 3.4582021242240106]}
{"timestamp": "1.722986", "Pr": [0, 0], "Po": [0.228878915309906, 1.2531386613845825], "Pb": [-0.2498557603231254, -2.205063462839428], "ERROR": [0.4787346756330314, 3.4582021242240106]}
{"timestamp": "1.832875", "Pr": [0, 0], "Po": [0.228878915309906, 1.2531386613845825], "Pb": [-0.26824046749579805, -2.188443275986523], "ERROR": [0.49711938280570406, 3.4415819373711054]}
{"timestamp": "1.946606", "Pr": [0, 0], "Po": [0.228878915309906, 1.2531386613845825], "Pb": [-0.26824046749579805, -2.188443275986523], "ERROR": [0.49711938280570406, 3.4415819373711054]}
{"timestamp": "2.059865", "Pr": [0, 0], "Po": [0.228878915309906, 1.2531386613845825], "Pb": [-0.26824046749579805, -2.188443275986523], "ERROR": [0.49711938280570406, 3.4415819373711054]}
{"timestamp": "2.176736", "Pr": [0, 0], "Po": [0.228878915309906, 1.2531386613845825], "Pb": [-0.26824046749579805, -2.188443275986523], "ERROR": [0.49711938280570406, 3.4415819373711054]}
{"timestamp": "2.292489", "Pr": [0, 0], "Po": [0.228878915309906, 1.2531386613845825], "Pb": [-0.26824046749579805, -2.188443275986523], "ERROR": [0.49711938280570406, 3.4415819373711054]}
{"timestamp": "2.403873", "Pr": [0, 0], "Po": [0.228878915309906, 1.2531386613845825], "Pb": [-0.26824046749579805, -2.188443275986523], "ERROR": [0.49711938280570406, 3.4415819373711054]}
{"timestamp": "2.514154", "Pr": [0, 0], "Po": [0.228878915309906, 1.2531386613845825], "Pb": [-0.26824046749579805, -2.188443275986523], "ERROR": [0.49711938280570406, 3.4415819373711054]}
{"timestamp": "2.623474", "Pr": [0, 0], "Po": [0.228878915309906, 1.2531386613845825], "Pb": [-0.26824046749579805, -2.188443275986523], "ERROR": [0.49711938280570406, 3.4415819373711054]}
{"timestamp": "2.733819", "Pr": [0, 0], "Po": [0.228878915309906, 1.2531386613845825], "Pb": [-0.26824046749579805, -2.188443275986523], "ERROR": [0.49711938280570406, 3.4415819373711054]}
{"timestamp": "2.846843", "Pr": [0, 0], "Po": [0.228878915309906, 1.2531386613845825], "Pb": [-0.309744767954762, -2.176838216294706], "ERROR": [0.538623683264668, 3.4299768776792887]}
{"timestamp": "2.960955", "Pr": [0, 0], "Po": [0.228878915309906, 1.2531386613845825], "Pb": [-0.309744767954762, -2.176838216294706], "ERROR": [0.538623683264668, 3.4299768776792887]}
{"timestamp": "3.077378", "Pr": [0, 0], "Po": [0.228878915309906, 1.2531386613845825], "Pb": [-0.309744767954762, -2.176838216294706], "ERROR": [0.538623683264668, 3.4299768776792887]}
{"timestamp": "3.191346", "Pr": [0, 0], "Po": [0.228878915309906, 1.2531386613845825], "Pb": [-0.309744767954762, -2.176838216294706], "ERROR": [0.538623683264668, 3.4299768776792887]}
{"timestamp": "3.305447", "Pr": [0, 0], "Po": [0.228878915309906, 1.2531386613845825], "Pb": [-0.309744767954762, -2.176838216294706], "ERROR": [0.538623683264668, 3.4299768776792887]}
{"timestamp": "3.417283", "Pr": [0, 0], "Po": [0.228878915309906, 1.2531386613845825], "Pb": [-0.309744767954762, -2.176838216294706], "ERROR": [0.538623683264668, 3.4299768776792887]}
{"timestamp": "3.528459", "Pr": [0, 0], "Po": [0.228878915309906, 1.2531386613845825], "Pb": [-0.309744767954762, -2.176838216294706], "ERROR": [0.538623683264668, 3.4299768776792887]}
{"timestamp": "3.638752", "Pr": [0, 0], "Po": [0.228878915309906, 1.2531386613845825], "Pb": [-0.309744767954762, -2.176838216294706], "ERROR": [0.538623683264668, 3.4299768776792887]}
{"timestamp": "3.751754", "Pr": [0, 0], "Po": [0.228878915309906, 1.2531386613845825], "Pb": [-0.309744767954762, -2.176838216294706], "ERROR": [0.538623683264668, 3.4299768776792887]}
{"timestamp": "3.862212", "Pr": [0, 0], "Po": [0.228878915309906, 1.2531386613845825], "Pb": [-0.309744767954762, -2.176838216294706], "ERROR": [0.538623683264668, 3.4299768776792887]}
{"timestamp": "3.974401", "Pr": [0, 0], "Po": [0.228878915309906, 1.2531386613845825], "Pb": [-0.309744767954762, -2.176838216294706], "ERROR": [0.538623683264668, 3.4299768776792887]}
{"timestamp": "4.085829", "Pr": [0, 0], "Po": [0.228878915309906, 1.2531386613845825], "Pb": [-0.309744767954762, -2.176838216294706], "ERROR": [0.538623683264668, 3.4299768776792887]}
{"timestamp": "4.204730", "Pr": [0, 0], "Po": [0.228878915309906, 1.2531386613845825], "Pb": [-0.309744767954762, -2.176838216294706], "ERROR": [0.538623683264668, 3.4299768776792887]}
{"timestamp": "4.323490", "Pr": [0, 0], "Po": [0.228878915309906, 1.2531386613845825], "Pb": [-0.309744767954762, -2.176838216294706], "ERROR": [0.538623683264668, 3.4299768776792887]}
{"timestamp": "4.435181", "Pr": [0, 0], "Po": [0.228878915309906, 1.2531386613845825], "Pb": [-0.309744767954762, -2.176838216294706], "ERROR": [0.538623683264668, 3.4299768776792887]}
{"timestamp": "4.546202", "Pr": [0, 0], "Po": [0.228878915309906, 1.2531386613845825], "Pb": [-0.309744767954762, -2.176838216294706], "ERROR": [0.538623683264668, 3.4299768776792887]}
{"timestamp": "4.657846", "Pr": [0, 0], "Po": [0.228878915309906, 1.2531386613845825], "Pb": [-0.309744767954762, -2.176838216294706], "ERROR": [0.538623683264668, 3.4299768776792887]}
{"timestamp": "4.772781", "Pr": [0, 0], "Po": [0.228878915309906, 1.2531386613845825], "Pb": [-0.309744767954762, -2.176838216294706], "ERROR": [0.538623683264668, 3.4299768776792887]}
{"timestamp": "4.888210", "Pr": [0, 0], "Po": [0.228878915309906, 1.2531386613845825], "Pb": [-0.29042653144307745, -2.144748685432684],