{"timestamp": "0.114900", "Pr": [1, 1], "Po": [-0.03, -0.0], "Pb": [0, 0], "ERROR": [-0.03, -0.0]}
{"timestamp": "1.223403", "Pr": [1, 1], "Po": [-0.03, -0.0], "Pb": [-0.5576917433776625, -1.5108755493936743], "ERROR": [0.5276917433776624, 1.5108755493936743]}
{"timestamp": "2.332309", "Pr": [1, 1], "Po": [-0.03, -0.0], "Pb": [-0.5394164114121968, -0.130218828915362], "ERROR": [0.5094164114121967, 0.130218828915362]}
{"timestamp": "3.437050", "Pr": [1, 1], "Po": [-0.03, -0.0], "Pb": [-0.913673257457451, -1.4113617871567783], "ERROR": [0.883673257457451, 1.4113617871567783]}
{"timestamp": "4.547737", "Pr": [1, 1], "Po": [-0.03, -0.0], "Pb": [-0.5750650640938588, -0.34845214512337896], "ERROR": [0.5450650640938588, 0.34845214512337896]}
{"timestamp": "5.654410", "Pr": [1, 1], "Po": [-0.03, -0.0], "Pb": [-0.575980501944468, -1.4091296143437808], "ERROR": [0.545980501944468, 1.4091296143437808]}
{"timestamp": "6.758685", "Pr": [1, 1], "Po": [-0.03, -0.0], "Pb": [-0.575980501944468, -1.4091296143437808], "ERROR": [0.545980501944468, 1.4091296143437808]}
{"timestamp": "6.864280", "Pr": [1, 1], "Po": [-0.03, -0.01], "Pb": [-0.575980501944468, -1.4091296143437808], "ERROR": [0.545980501944468, 1.3991296143437808]}
{"timestamp": "6.968761", "Pr": [1, 1], "Po": [-0.03, -0.04], "Pb": [-0.575980501944468, -1.4091296143437808], "ERROR": [0.545980501944468, 1.3691296143437808]}
{"timestamp": "7.074989", "Pr": [1, 1], "Po": [-0.03, -0.08], "Pb": [-0.575980501944468, -1.4091296143437808], "ERROR": [0.545980501944468, 1.3291296143437807]}
{"timestamp": "7.180700", "Pr": [1, 1], "Po": [-0.03, -0.13], "Pb": [-0.575980501944468, -1.4091296143437808], "ERROR": [0.545980501944468, 1.279129614343781]}
{"timestamp": "7.286476", "Pr": [1, 1], "Po": [-0.04, -0.18], "Pb": [-0.575980501944468, -1.4091296143437808], "ERROR": [0.535980501944468, 1.2291296143437809]}
{"timestamp": "7.390828", "Pr": [1, 1], "Po": [-0.04, -0.26], "Pb": [-0.575980501944468, -1.4091296143437808], "ERROR": [0.535980501944468, 1.1491296143437808]}
{"timestamp": "7.497794", "Pr": [1, 1], "Po": [-0.04, -0.34], "Pb": [-0.575980501944468, -1.4091296143437808], "ERROR": [0.535980501944468, 1.0691296143437807]}
{"timestamp": "7.605918", "Pr": [1, 1], "Po": [-0.05, -0.41], "Pb": [-0.575980501944468, -1.4091296143437808], "ERROR": [0.525980501944468, 0.9991296143437809]}
{"timestamp": "7.803281", "Pr": [1, 1], "Po": [-0.05, -0.49], "Pb": [-0.575980501944468, -1.4091296143437808], "ERROR": [0.525980501944468, 0.9191296143437808]}
{"timestamp": "7.909566", "Pr": [1, 1], "Po": [-0.06, -0.59], "Pb": [-0.575980501944468, -1.4091296143437808], "ERROR": [0.5159805019444681, 0.8191296143437808]}
{"timestamp": "8.014739", "Pr": [1, 1], "Po": [-0.06, -0.68], "Pb": [-0.575980501944468, -1.4091296143437808], "ERROR": [0.5159805019444681, 0.7291296143437808]}
{"timestamp": "8.120283", "Pr": [1, 1], "Po": [-0.07, -0.77], "Pb": [-0.575980501944468, -1.4091296143437808], "ERROR": [0.5059805019444681, 0.6391296143437808]}
{"timestamp": "8.234075", "Pr": [1, 1], "Po": [-0.07, -0.85], "Pb": [-0.575980501944468, -1.4091296143437808], "ERROR": [0.5059805019444681, 0.5591296143437808]}
{"timestamp": "8.339890", "Pr": [1, 1], "Po": [-0.08, -0.92], "Pb": [-0.575980501944468, -1.4091296143437808], "ERROR": [0.495980501944468, 0.48912961434378077]}
{"timestamp": "8.445333", "Pr": [1, 1], "Po": [-0.09, -1.02], "Pb": [-0.575980501944468, -1.4091296143437808], "ERROR": [0.48598050194446807, 0.3891296143437808]}
{"timestamp": "8.551435", "Pr": [1, 1], "Po": [-0.1, -1.1], "Pb": [-0.575980501944468, -1.4091296143437808], "ERROR": [0.47598050194446806, 0.3091296143437807]}
{"timestamp": "8.655310", "Pr": [1, 1], "Po": [-0.12, -1.19], "Pb": [-0.575980501944468, -1.4091296143437808], "ERROR": [0.45598050194446804, 0.21912961434378087]}
{"timestamp": "8.763072", "Pr": [1, 1], "Po": [-0.14, -1.3], "Pb": [-0.575980501944468, -1.4091296143437808], "ERROR": [0.435980501944468, 0.10912961434378077]}
{"timestamp": "8.871336", "Pr": [1, 1], "Po": [-0.15, -1.39], "Pb": [-0.575980501944468, -1.4091296143437808], "ERROR": [0.425980501944468, 0.01912961434378091]}
{"timestamp": "8.978343", "Pr": [1, 1], "Po": [-0.17, -1.47], "Pb": [-0.575980501944468, -1.4091296143437808], "ERROR": [0.405980501944468, -0.06087038565621916]}
{"timestamp": "9.084277", "Pr": [1, 1], "Po": [-0.19, -1.55], "Pb": [-0.575980501944468, -1.4091296143437808], "ERROR": [0.38598050194446804, -0.14087038565621923]}
{"timestamp": "9.189843", "Pr": [1, 1], "Po": [-0.21, -1.63], "Pb": [-0.575980501944468, -1.4091296143437808], "ERROR": [0.3659805019444681, -0.22087038565621908]}
{"timestamp": "9.297841", "Pr": [1, 1], "Po": [-0.23, -1.71], "Pb": [-0.575980501944468, -1.4091296143437808], "ERROR": [0.34598050194446806, -0.30087038565621915]}
{"timestamp": "9.405713", "Pr": [1, 1], "Po": [-0.26, -1.8], "Pb": [-0.575980501944468, -1.4091296143437808], "ERROR": [0.31598050194446803, -0.39087038565621923]}
{"timestamp": "9.511627", "Pr": [1, 1], "Po": [-0.28, -1.89], "Pb": [-0.575980501944468, -1.4091296143437808], "ERROR": [0.295980501944468, -0.4808703856562191]}
{"timestamp": "9.618101", "Pr": [1, 1], "Po": [-0.31, -1.97], "Pb": [-0.575980501944468, -1.4091296143437808], "ERROR": [0.26598050194446804, -0.5608703856562192]}
{"timestamp": "9.724078", "Pr": [1, 1], "Po": [-0.33, -2.05], "Pb": [-0.575980501944468, -1.4091296143437808], "ERROR": [0.24598050194446802, -0.640870385656219]}
{"timestamp": "9.833488", "Pr": [1, 1], "Po": [-0.36, -2.14], "Pb": [-0.575980501944468, -1.4091296143437808], "ERROR": [0.21598050194446805, -0.7308703856562193]}
{"timestamp": "9.939357", "Pr": [1, 1], "Po": [-0.38, -2.18], "Pb": [-0.5548333782183607, -1.5213457035136018], "ERROR": [0.17483337821836065, -0.6586542964863984]}
{"timestamp": "10.045464", "Pr": [1, 1], "Po": [-0.41, -2.28], "Pb": [-0.5548333782183607, -1.5213457035136018], "ERROR": [0.14483337821836068, -0.758654296486398]}
{"timestamp": "10.150069", "Pr": [1, 1], "Po": [-0.45, -2.37], "Pb": [-0.5548333782183607, -1.5213457035136018], "ERROR": [0.10483337821836064, -0.8486542964863983]}
{"timestamp": "10.255711", "Pr": [1, 1], "Po": [-0.48, -2.44], "Pb": [-0.5548333782183607, -1.5213457035136018], "ERROR": [0.07483337821836067, -0.9186542964863982]}
{"timestamp": "10.392143", "Pr": [1, 1], "Po": [-0.49, -2.47], "Pb": [-0.5548333782183607, -1.5213457035136018], "ERROR": [0.06483337821836066, -0.9486542964863984]}
{"timestamp": "10.497275", "Pr": [1, 1], "Po": [-0.51, -2.52], "Pb": [-0.5548333782183607, -1.5213457035136018], "ERROR": [0.04483337821836064, -0.9986542964863983]}
{"timestamp": "10.603069", "Pr": [1, 1], "Po": [-0.52, -2.53], "Pb": [-0.5548333782183607, -1.5213457035136018], "ERROR": [0.03483337821836063, -1.008654296486398]}
{"timestamp": "10.708035", "Pr": [1, 1], "Po": [-0.52, -2.53], "Pb": [-0.5548333782183607, -1.5213457035136018], "ERROR": [0.03483337821836063, -1.008654296486398]}
{"timestamp": "10.815507", "Pr": [1, 1], "Po": [-0.52, -2.53], "Pb": [-0.5548333782183607, -1.5213457035136018], "ERROR": [0.03483337821836063, -1.008654296486398]}
{"timestamp": "10.921921", "Pr": [1, 1], "Po": [-0.52, -2.53], "Pb": [-0.5548333782183607, -1.5213457035136018], "ERROR": [0.03483337821836063, -1.008654296486398]}
{"timestamp": "11.027323", "Pr": [1, 1], "Po": [-0.52, -2.53], "Pb": [-0.5548333782183607, -1.5213457035136018], "ERROR": [0.03483337821836063, -1.008654296486398]}
{"timestamp": "11.132707", "Pr": [1, 1], "Po": [-0.52, -2.53], "Pb": [-0.5548333782183607, -1.5213457035136018], "ERROR": [0.03483337821836063, -1.008654296486398]}
{"timestamp": "11.239521", "Pr": [1, 1], "Po": [-0.52, -2.53], "Pb": [-0.5548333782183607, -1.5213457035136018], "ERROR": [0.03483337821836063, -1.008654296486398]}
{"timestamp": "11.346506", "Pr": [1, 1], "Po": [-0.52, -2.53], "Pb": [-0.5548333782183607, -1.5213457035136018], "ERROR": [0.03483337821836063, -1.008654296486398]}
{"timestamp": "11.452451", "Pr": [1, 1], "Po": [-0.52, -2.53],