{"timestamp": "0.121947", "Pr": [1, 1], "Po": [0.02, -0.01], "Pb": [0, 0], "ERROR": [0.02, -0.01]}
{"timestamp": "1.240348", "Pr": [1, 1], "Po": [0.02, -0.01], "Pb": [0, 0], "ERROR": [0.02, -0.01]}
{"timestamp": "2.350762", "Pr": [1, 1], "Po": [0.02, -0.01], "Pb": [0, 0], "ERROR": [0.02, -0.01]}
{"timestamp": "3.458843", "Pr": [1, 1], "Po": [0.02, -0.01], "Pb": [-0.4551071421837076, -1.3005464574695167], "ERROR": [0.47510714218370764, 1.2905464574695167]}
{"timestamp": "4.564798", "Pr": [1, 1], "Po": [0.02, -0.01], "Pb": [-0.4551071421837076, -1.3005464574695167], "ERROR": [0.47510714218370764, 1.2905464574695167]}
{"timestamp": "4.670091", "Pr": [1, 1], "Po": [0.02, -0.01], "Pb": [-0.4551071421837076, -1.3005464574695167], "ERROR": [0.47510714218370764, 1.2905464574695167]}
{"timestamp": "4.776891", "Pr": [1, 1], "Po": [0.02, -0.01], "Pb": [-0.4551071421837076, -1.3005464574695167], "ERROR": [0.47510714218370764, 1.2905464574695167]}
{"timestamp": "4.883934", "Pr": [1, 1], "Po": [0.02, -0.01], "Pb": [-0.4551071421837076, -1.3005464574695167], "ERROR": [0.47510714218370764, 1.2905464574695167]}
{"timestamp": "4.989321", "Pr": [1, 1], "Po": [0.02, -0.01], "Pb": [-0.4551071421837076, -1.3005464574695167], "ERROR": [0.47510714218370764, 1.2905464574695167]}
{"timestamp": "5.095092", "Pr": [1, 1], "Po": [0.02, -0.01], "Pb": [-0.4551071421837076, -1.3005464574695167], "ERROR": [0.47510714218370764, 1.2905464574695167]}
{"timestamp": "5.220740", "Pr": [1, 1], "Po": [0.02, -0.03], "Pb": [-0.4551071421837076, -1.3005464574695167], "ERROR": [0.47510714218370764, 1.2705464574695167]}
{"timestamp": "5.334488", "Pr": [1, 1], "Po": [0.02, -0.04], "Pb": [-0.40463469195492224, -1.5079648986042598], "ERROR": [0.42463469195492226, 1.4679648986042597]}
{"timestamp": "5.442673", "Pr": [1, 1], "Po": [0.02, -0.06], "Pb": [-0.40463469195492224, -1.5079648986042598], "ERROR": [0.42463469195492226, 1.4479648986042597]}
{"timestamp": "5.548333", "Pr": [1, 1], "Po": [0.02, -0.09], "Pb": [-0.40463469195492224, -1.5079648986042598], "ERROR": [0.42463469195492226, 1.4179648986042597]}
{"timestamp": "5.653852", "Pr": [1, 1], "Po": [0.02, -0.11], "Pb": [-0.40463469195492224, -1.5079648986042598], "ERROR": [0.42463469195492226, 1.3979648986042597]}
{"timestamp": "5.760978", "Pr": [1, 1], "Po": [0.02, -0.13], "Pb": [-0.40463469195492224, -1.5079648986042598], "ERROR": [0.42463469195492226, 1.3779648986042599]}
{"timestamp": "5.868273", "Pr": [1, 1], "Po": [0.02, -0.16], "Pb": [-0.40463469195492224, -1.5079648986042598], "ERROR": [0.42463469195492226, 1.3479648986042598]}
{"timestamp": "5.974550", "Pr": [1, 1], "Po": [0.01, -0.18], "Pb": [-0.40463469195492224, -1.5079648986042598], "ERROR": [0.41463469195492225, 1.3279648986042598]}
{"timestamp": "6.080687", "Pr": [1, 1], "Po": [0.01, -0.2], "Pb": [-0.40463469195492224, -1.5079648986042598], "ERROR": [0.41463469195492225, 1.3079648986042598]}
{"timestamp": "6.186636", "Pr": [1, 1], "Po": [0.01, -0.22], "Pb": [-0.40463469195492224, -1.5079648986042598], "ERROR": [0.41463469195492225, 1.2879648986042598]}
{"timestamp": "6.292659", "Pr": [1, 1], "Po": [0.01, -0.25], "Pb": [-0.40463469195492224, -1.5079648986042598], "ERROR": [0.41463469195492225, 1.2579648986042598]}
{"timestamp": "6.402022", "Pr": [1, 1], "Po": [0.01, -0.28], "Pb": [-0.40463469195492224, -1.5079648986042598], "ERROR": [0.41463469195492225, 1.2279648986042597]}
{"timestamp": "6.506863", "Pr": [1, 1], "Po": [0.01, -0.31], "Pb": [-0.40463469195492224, -1.5079648986042598], "ERROR": [0.41463469195492225, 1.1979648986042597]}
{"timestamp": "6.616423", "Pr": [1, 1], "Po": [0.01, -0.34], "Pb": [-0.40463469195492224, -1.5079648986042598], "ERROR": [0.41463469195492225, 1.1679648986042597]}
{"timestamp": "6.721991", "Pr": [1, 1], "Po": [0.01, -0.36], "Pb": [-0.40463469195492224, -1.5079648986042598], "ERROR": [0.41463469195492225, 1.1479648986042599]}
{"timestamp": "6.827763", "Pr": [1, 1], "Po": [0.0, -0.39], "Pb": [-0.40463469195492224, -1.5079648986042598], "ERROR": [0.40463469195492224, 1.1179648986042596]}
{"timestamp": "6.933032", "Pr": [1, 1], "Po": [0.0, -0.42], "Pb": [-0.40463469195492224, -1.5079648986042598], "ERROR": [0.40463469195492224, 1.0879648986042598]}
{"timestamp": "7.039158", "Pr": [1, 1], "Po": [-0.0, -0.45], "Pb": [-0.40463469195492224, -1.5079648986042598], "ERROR": [0.40463469195492224, 1.0579648986042598]}
{"timestamp": "7.146164", "Pr": [1, 1], "Po": [-0.0, -0.48], "Pb": [-0.40463469195492224, -1.5079648986042598], "ERROR": [0.40463469195492224, 1.0279648986042598]}
{"timestamp": "7.253906", "Pr": [1, 1], "Po": [-0.01, -0.5], "Pb": [-0.40463469195492224, -1.5079648986042598], "ERROR": [0.39463469195492223, 1.0079648986042598]}
{"timestamp": "7.359262", "Pr": [1, 1], "Po": [-0.01, -0.53], "Pb": [-0.40463469195492224, -1.5079648986042598], "ERROR": [0.39463469195492223, 0.9779648986042597]}
{"timestamp": "7.465105", "Pr": [1, 1], "Po": [-0.01, -0.56], "Pb": [-0.40463469195492224, -1.5079648986042598], "ERROR": [0.39463469195492223, 0.9479648986042597]}
{"timestamp": "7.572527", "Pr": [1, 1], "Po": [-0.01, -0.59], "Pb": [-0.40463469195492224, -1.5079648986042598], "ERROR": [0.39463469195492223, 0.9179648986042598]}
{"timestamp": "7.707149", "Pr": [1, 1], "Po": [-0.01, -0.6], "Pb": [-0.40463469195492224, -1.5079648986042598], "ERROR": [0.39463469195492223, 0.9079648986042598]}
{"timestamp": "7.812717", "Pr": [1, 1], "Po": [-0.01, -0.62], "Pb": [-0.48923745809506347, -1.6226228463203276], "ERROR": [0.47923745809506346, 1.0026228463203277]}
{"timestamp": "7.919405", "Pr": [1, 1], "Po": [-0.01, -0.65], "Pb": [-0.48923745809506347, -1.6226228463203276], "ERROR": [0.47923745809506346, 0.9726228463203276]}
{"timestamp": "8.025814", "Pr": [1, 1], "Po": [-0.02, -0.68], "Pb": [-0.48923745809506347, -1.6226228463203276], "ERROR": [0.46923745809506345, 0.9426228463203276]}
{"timestamp": "8.133997", "Pr": [1, 1], "Po": [-0.02, -0.71], "Pb": [-0.48923745809506347, -1.6226228463203276], "ERROR": [0.46923745809506345, 0.9126228463203276]}
{"timestamp": "8.251084", "Pr": [1, 1], "Po": [-0.02, -0.74], "Pb": [-0.48923745809506347, -1.6226228463203276], "ERROR": [0.46923745809506345, 0.8826228463203276]}
{"timestamp": "8.356477", "Pr": [1, 1], "Po": [-0.02, -0.77], "Pb": [-0.48923745809506347, -1.6226228463203276], "ERROR": [0.46923745809506345, 0.8526228463203276]}
{"timestamp": "8.462272", "Pr": [1, 1], "Po": [-0.02, -0.8], "Pb": [-0.48923745809506347, -1.6226228463203276], "ERROR": [0.46923745809506345, 0.8226228463203276]}
{"timestamp": "8.567949", "Pr": [1, 1], "Po": [-0.02, -0.83], "Pb": [-0.48923745809506347, -1.6226228463203276], "ERROR": [0.46923745809506345, 0.7926228463203276]}
{"timestamp": "8.674244", "Pr": [1, 1], "Po": [-0.03, -0.86], "Pb": [-0.48923745809506347, -1.6226228463203276], "ERROR": [0.45923745809506344, 0.7626228463203276]}
{"timestamp": "8.780038", "Pr": [1, 1], "Po": [-0.03, -0.9], "Pb": [-0.48923745809506347, -1.6226228463203276], "ERROR": [0.45923745809506344, 0.7226228463203276]}
{"timestamp": "8.885512", "Pr": [1, 1], "Po": [-0.03, -0.93], "Pb": [-0.48923745809506347, -1.6226228463203276], "ERROR": [0.45923745809506344, 0.6926228463203276]}
{"timestamp": "8.990015", "Pr": [1, 1], "Po": [-0.03, -0.96], "Pb": [-0.48923745809506347, -1.6226228463203276], "ERROR": [0.45923745809506344, 0.6626228463203276]}
{"timestamp": "9.095255", "Pr": [1, 1], "Po": [-0.03, -1.0], "Pb": [-0.48923745809506347, -1.6226228463203276], "ERROR": [0.45923745809506344, 0.6226228463203276]}
{"timestamp": "9.205821", "Pr": [1, 1], "Po": [-0.04, -1.03], "Pb": [-0.48923745809506347, -1.6226228463203276], "ERROR": [0.4492374580950635, 0.5926228463203276]}
{"timestamp": "9.314622", "Pr": [1, 1], "Po": [-0.04, -1.05], "Pb": [-0.48923745809506347, -1.6226228463203276], "ERROR": [0.4492374580950635, 0.5726228463203276]}
{"timestamp": "9.420033", "Pr": [1, 1], "Po": [-0.04, -1.08], "Pb": [-0.48923745809506347, -1.6226228463203276],