{"timestamp": "0.114245", "Pr": [1, 1], "Po": [0.0, 0.0], "Pb": [0, 0], "ERROR": [0.0, 0.0]}
{"timestamp": "1.223933", "Pr": [1, 1], "Po": [-0.01, -0.02], "Pb": [0, 0], "ERROR": [-0.01, -0.02]}
{"timestamp": "2.332004", "Pr": [1, 1], "Po": [-0.01, -0.02], "Pb": [0, 0], "ERROR": [-0.01, -0.02]}
{"timestamp": "3.439183", "Pr": [1, 1], "Po": [-0.01, -0.02], "Pb": [0, 0], "ERROR": [-0.01, -0.02]}
{"timestamp": "4.544220", "Pr": [1, 1], "Po": [-0.01, -0.02], "Pb": [-0.5623294946362397, -1.068865931712257], "ERROR": [0.5523294946362397, 1.048865931712257]}
{"timestamp": "5.649529", "Pr": [1, 1], "Po": [-0.01, -0.02], "Pb": [-0.5623294946362397, -1.068865931712257], "ERROR": [0.5523294946362397, 1.048865931712257]}
{"timestamp": "6.752965", "Pr": [1, 1], "Po": [-0.01, -0.02], "Pb": [-0.5623294946362397, -1.068865931712257], "ERROR": [0.5523294946362397, 1.048865931712257]}
{"timestamp": "7.877652", "Pr": [1, 1], "Po": [-0.01, -0.02], "Pb": [-0.5623294946362397, -1.068865931712257], "ERROR": [0.5523294946362397, 1.048865931712257]}
{"timestamp": "7.983864", "Pr": [1, 1], "Po": [-0.01, -0.02], "Pb": [-0.5623294946362397, -1.068865931712257], "ERROR": [0.5523294946362397, 1.048865931712257]}
{"timestamp": "8.088871", "Pr": [1, 1], "Po": [-0.01, -0.07], "Pb": [-0.5623294946362397, -1.068865931712257], "ERROR": [0.5523294946362397, 0.998865931712257]}
{"timestamp": "8.196499", "Pr": [1, 1], "Po": [-0.02, -0.14], "Pb": [-0.5623294946362397, -1.068865931712257], "ERROR": [0.5423294946362397, 0.9288659317122571]}
{"timestamp": "8.304112", "Pr": [1, 1], "Po": [-0.03, -0.23], "Pb": [-0.5623294946362397, -1.068865931712257], "ERROR": [0.5323294946362397, 0.8388659317122571]}
{"timestamp": "8.409856", "Pr": [1, 1], "Po": [-0.04, -0.32], "Pb": [-0.5623294946362397, -1.068865931712257], "ERROR": [0.5223294946362397, 0.748865931712257]}
{"timestamp": "8.518531", "Pr": [1, 1], "Po": [-0.06, -0.45], "Pb": [-0.5623294946362397, -1.068865931712257], "ERROR": [0.5023294946362398, 0.6188659317122571]}
{"timestamp": "8.623368", "Pr": [1, 1], "Po": [-0.07, -0.51], "Pb": [-0.5623294946362397, -1.068865931712257], "ERROR": [0.4923294946362397, 0.5588659317122571]}
{"timestamp": "8.728963", "Pr": [1, 1], "Po": [-0.11, -0.66], "Pb": [-0.5623294946362397, -1.068865931712257], "ERROR": [0.4523294946362397, 0.40886593171225705]}
{"timestamp": "8.833856", "Pr": [1, 1], "Po": [-0.15, -0.82], "Pb": [-0.5623294946362397, -1.068865931712257], "ERROR": [0.4123294946362397, 0.24886593171225713]}
{"timestamp": "8.939902", "Pr": [1, 1], "Po": [-0.17, -0.92], "Pb": [-0.4878287194545593, -1.3624342804035754], "ERROR": [0.31782871945455926, 0.44243428040357535]}
{"timestamp": "9.048580", "Pr": [1, 1], "Po": [-0.2, -1.04], "Pb": [-0.4878287194545593, -1.3624342804035754], "ERROR": [0.2878287194545593, 0.32243428040357536]}
{"timestamp": "9.152798", "Pr": [1, 1], "Po": [-0.24, -1.16], "Pb": [-0.4878287194545593, -1.3624342804035754], "ERROR": [0.2478287194545593, 0.20243428040357547]}
{"timestamp": "9.259109", "Pr": [1, 1], "Po": [-0.24, -1.16], "Pb": [-0.4878287194545593, -1.3624342804035754], "ERROR": [0.2478287194545593, 0.20243428040357547]}
{"timestamp": "9.365806", "Pr": [1, 1], "Po": [-0.27, -1.26], "Pb": [-0.4878287194545593, -1.3624342804035754], "ERROR": [0.21782871945455928, 0.10243428040357538]}
{"timestamp": "9.470319", "Pr": [1, 1], "Po": [-0.31, -1.41], "Pb": [-0.4878287194545593, -1.3624342804035754], "ERROR": [0.1778287194545593, -0.04756571959642453]}
{"timestamp": "9.575768", "Pr": [1, 1], "Po": [-0.36, -1.55], "Pb": [-0.4878287194545593, -1.3624342804035754], "ERROR": [0.12782871945455931, -0.18756571959642465]}
{"timestamp": "9.680993", "Pr": [1, 1], "Po": [-0.41, -1.69], "Pb": [-0.4878287194545593, -1.3624342804035754], "ERROR": [0.07782871945455933, -0.32756571959642455]}
{"timestamp": "9.785487", "Pr": [1, 1], "Po": [-0.44, -1.75], "Pb": [-0.4878287194545593, -1.3624342804035754], "ERROR": [0.0478287194545593, -0.3875657195964246]}
{"timestamp": "9.888840", "Pr": [1, 1], "Po": [-0.44, -1.76], "Pb": [-0.4878287194545593, -1.3624342804035754], "ERROR": [0.0478287194545593, -0.3975657195964246]}
{"timestamp": "9.994903", "Pr": [1, 1], "Po": [-0.46, -1.83], "Pb": [-0.4878287194545593, -1.3624342804035754], "ERROR": [0.02782871945455928, -0.4675657195964247]}
{"timestamp": "10.098275", "Pr": [1, 1], "Po": [-0.5, -1.92], "Pb": [-0.4878287194545593, -1.3624342804035754], "ERROR": [-0.0121712805454407, -0.5575657195964245]}
{"timestamp": "10.202058", "Pr": [1, 1], "Po": [-0.53, -1.99], "Pb": [-0.4878287194545593, -1.3624342804035754], "ERROR": [-0.042171280545440726, -0.6275657195964246]}
{"timestamp": "10.310718", "Pr": [1, 1], "Po": [-0.56, -2.09], "Pb": [-0.4878287194545593, -1.3624342804035754], "ERROR": [-0.07217128054544075, -0.7275657195964245]}
{"timestamp": "10.416468", "Pr": [1, 1], "Po": [-0.61, -2.21], "Pb": [-0.4878287194545593, -1.3624342804035754], "ERROR": [-0.12217128054544069, -0.8475657195964246]}
{"timestamp": "10.525173", "Pr": [1, 1], "Po": [-0.66, -2.33], "Pb": [-0.4878287194545593, -1.3624342804035754], "ERROR": [-0.17217128054544073, -0.9675657195964247]}
{"timestamp": "10.631934", "Pr": [1, 1], "Po": [-0.73, -2.49], "Pb": [-0.4878287194545593, -1.3624342804035754], "ERROR": [-0.24217128054544068, -1.1275657195964248]}
{"timestamp": "10.736154", "Pr": [1, 1], "Po": [-0.78, -2.6], "Pb": [-0.4878287194545593, -1.3624342804035754], "ERROR": [-0.2921712805454407, -1.2375657195964247]}
{"timestamp": "10.842117", "Pr": [1, 1], "Po": [-0.83, -2.72], "Pb": [-0.4878287194545593, -1.3624342804035754], "ERROR": [-0.34217128054544066, -1.3575657195964248]}
{"timestamp": "10.948088", "Pr": [1, 1], "Po": [-0.9, -2.86], "Pb": [-0.4878287194545593, -1.3624342804035754], "ERROR": [-0.4121712805454407, -1.4975657195964245]}
{"timestamp": "11.052384", "Pr": [1, 1], "Po": [-0.96, -2.97], "Pb": [-0.4878287194545593, -1.3624342804035754], "ERROR": [-0.47217128054544066, -1.6075657195964248]}
{"timestamp": "11.161093", "Pr": [1, 1], "Po": [-1.01, -3.08], "Pb": [-0.4878287194545593, -1.3624342804035754], "ERROR": [-0.5221712805454407, -1.7175657195964247]}
{"timestamp": "11.266980", "Pr": [1, 1], "Po": [-1.02, -3.11], "Pb": [-0.4878287194545593, -1.3624342804035754], "ERROR": [-0.5321712805454407, -1.7475657195964245]}
{"timestamp": "11.372602", "Pr": [1, 1], "Po": [-1.02, -3.11], "Pb": [-0.4878287194545593, -1.3624342804035754], "ERROR": [-0.5321712805454407, -1.7475657195964245]}
{"timestamp": "11.478356", "Pr": [1, 1], "Po": [-1.02, -3.11], "Pb": [-0.4878287194545593, -1.3624342804035754], "ERROR": [-0.5321712805454407, -1.7475657195964245]}
{"timestamp": "11.584540", "Pr": [1, 1], "Po": [-1.02, -3.11], "Pb": [-0.4878287194545593, -1.3624342804035754], "ERROR": [-0.5321712805454407, -1.7475657195964245]}
{"timestamp": "11.689649", "Pr": [1, 1], "Po": [-1.02, -3.11], "Pb": [-0.4878287194545593, -1.3624342804035754], "ERROR": [-0.5321712805454407, -1.7475657195964245]}
{"timestamp": "11.797418", "Pr": [1, 1], "Po": [-1.02, -3.11], "Pb": [-0.4878287194545593, -1.3624342804035754], "ERROR": [-0.5321712805454407, -1.7475657195964245]}
{"timestamp": "11.902711", "Pr": [1, 1], "Po": [-1.02, -3.11], "Pb": [-0.4878287194545593, -1.3624342804035754], "ERROR": [-0.5321712805454407, -1.7475657195964245]}
{"timestamp": "12.007381", "Pr": [1, 1], "Po": [-1.02, -3.11], "Pb": [-0.4878287194545593, -1.3624342804035754], "ERROR": [-0.5321712805454407, -1.7475657195964245]}
{"timestamp": "12.114071", "Pr": [1, 1], "Po": [-1.02, -3.11], "Pb": [-0.4878287194545593, -1.3624342804035754], "ERROR": [-0.5321712805454407, -1.7475657195964245]}
{"timestamp": "12.218804", "Pr": [1, 1], "Po": [-1.02, -3.11], "Pb": [-0.4878287194545593, -1.3624342804035754], "ERROR": [-0.5321712805454407, -1.7475657195964245]}
{"timestamp": "12.330770", "Pr": [1, 1], "Po": [-1.02, -3.11], "Pb": [-0.4878287194545593, -1.3624342804035754], "ERROR": [-0.5321712805454407, -1.7475657195964245]}
{"timestamp": "12.436819",