{"timestamp": "0.121270", "Pr": [1, 1], "Po": [-0.01, -0.01], "Pb": [0, 0], "ERROR": [-0.01, -0.01]}
{"timestamp": "1.239211", "Pr": [1, 1], "Po": [-0.01, -0.01], "Pb": [-0.628530576445566, -1.2708249886553415], "ERROR": [0.618530576445566, 1.2608249886553415]}
{"timestamp": "2.345039", "Pr": [1, 1], "Po": [-0.01, -0.01], "Pb": [-0.5518225388367516, -1.2531134342760126], "ERROR": [0.5418225388367516, 1.2431134342760126]}
{"timestamp": "3.450746", "Pr": [1, 1], "Po": [-0.01, -0.01], "Pb": [-0.5518225388367516, -1.2531134342760126], "ERROR": [0.5418225388367516, 1.2431134342760126]}
{"timestamp": "4.556516", "Pr": [1, 1], "Po": [-0.01, -0.01], "Pb": [-0.5518225388367516, -1.2531134342760126], "ERROR": [0.5418225388367516, 1.2431134342760126]}
{"timestamp": "5.663080", "Pr": [1, 1], "Po": [-0.01, -0.01], "Pb": [-0.3358007650133397, -1.45089125279459], "ERROR": [0.3258007650133397, 1.44089125279459]}
{"timestamp": "5.770871", "Pr": [1, 1], "Po": [-0.01, -0.01], "Pb": [-0.3358007650133397, -1.45089125279459], "ERROR": [0.3258007650133397, 1.44089125279459]}
{"timestamp": "5.876554", "Pr": [1, 1], "Po": [-0.01, -0.03], "Pb": [-0.3358007650133397, -1.45089125279459], "ERROR": [0.3258007650133397, 1.42089125279459]}
{"timestamp": "5.980845", "Pr": [1, 1], "Po": [-0.01, -0.06], "Pb": [-0.3358007650133397, -1.45089125279459], "ERROR": [0.3258007650133397, 1.39089125279459]}
{"timestamp": "6.085250", "Pr": [1, 1], "Po": [-0.01, -0.1], "Pb": [-0.3358007650133397, -1.45089125279459], "ERROR": [0.3258007650133397, 1.35089125279459]}
{"timestamp": "6.190445", "Pr": [1, 1], "Po": [-0.01, -0.14], "Pb": [-0.3358007650133397, -1.45089125279459], "ERROR": [0.3258007650133397, 1.31089125279459]}
{"timestamp": "6.295858", "Pr": [1, 1], "Po": [-0.01, -0.17], "Pb": [-0.3358007650133397, -1.45089125279459], "ERROR": [0.3258007650133397, 1.2808912527945902]}
{"timestamp": "6.400812", "Pr": [1, 1], "Po": [-0.01, -0.23], "Pb": [-0.3358007650133397, -1.45089125279459], "ERROR": [0.3258007650133397, 1.22089125279459]}
{"timestamp": "6.506653", "Pr": [1, 1], "Po": [-0.02, -0.28], "Pb": [-0.3358007650133397, -1.45089125279459], "ERROR": [0.3158007650133397, 1.17089125279459]}
{"timestamp": "6.611191", "Pr": [1, 1], "Po": [-0.02, -0.33], "Pb": [-0.3358007650133397, -1.45089125279459], "ERROR": [0.3158007650133397, 1.12089125279459]}
{"timestamp": "6.715832", "Pr": [1, 1], "Po": [-0.03, -0.4], "Pb": [-0.3358007650133397, -1.45089125279459], "ERROR": [0.30580076501333975, 1.0508912527945902]}
{"timestamp": "6.821849", "Pr": [1, 1], "Po": [-0.03, -0.45], "Pb": [-0.3358007650133397, -1.45089125279459], "ERROR": [0.30580076501333975, 1.0008912527945901]}
{"timestamp": "6.927387", "Pr": [1, 1], "Po": [-0.04, -0.51], "Pb": [-0.3358007650133397, -1.45089125279459], "ERROR": [0.29580076501333974, 0.9408912527945901]}
{"timestamp": "7.033027", "Pr": [1, 1], "Po": [-0.04, -0.58], "Pb": [-0.3358007650133397, -1.45089125279459], "ERROR": [0.29580076501333974, 0.8708912527945901]}
{"timestamp": "7.138489", "Pr": [1, 1], "Po": [-0.05, -0.64], "Pb": [-0.3358007650133397, -1.45089125279459], "ERROR": [0.28580076501333973, 0.8108912527945901]}
{"timestamp": "7.245042", "Pr": [1, 1], "Po": [-0.06, -0.69], "Pb": [-0.3358007650133397, -1.45089125279459], "ERROR": [0.2758007650133397, 0.7608912527945901]}
{"timestamp": "7.350059", "Pr": [1, 1], "Po": [-0.07, -0.76], "Pb": [-0.3358007650133397, -1.45089125279459], "ERROR": [0.2658007650133397, 0.6908912527945901]}
{"timestamp": "7.455213", "Pr": [1, 1], "Po": [-0.07, -0.82], "Pb": [-0.3358007650133397, -1.45089125279459], "ERROR": [0.2658007650133397, 0.6308912527945901]}
{"timestamp": "7.559803", "Pr": [1, 1], "Po": [-0.08, -0.89], "Pb": [-0.3358007650133397, -1.45089125279459], "ERROR": [0.2558007650133397, 0.5608912527945901]}
{"timestamp": "7.742277", "Pr": [1, 1], "Po": [-0.09, -0.94], "Pb": [-0.3358007650133397, -1.45089125279459], "ERROR": [0.24580076501333972, 0.5108912527945901]}
{"timestamp": "7.847504", "Pr": [1, 1], "Po": [-0.1, -1.02], "Pb": [-0.3358007650133397, -1.45089125279459], "ERROR": [0.2358007650133397, 0.43089125279459006]}
{"timestamp": "7.953624", "Pr": [1, 1], "Po": [-0.11, -1.1], "Pb": [-0.3358007650133397, -1.45089125279459], "ERROR": [0.22580076501333973, 0.35089125279459]}
{"timestamp": "8.059153", "Pr": [1, 1], "Po": [-0.11, -1.15], "Pb": [-0.5338061344889935, -1.522648898934286], "ERROR": [0.4238061344889935, 0.372648898934286]}
{"timestamp": "8.164230", "Pr": [1, 1], "Po": [-0.12, -1.22], "Pb": [-0.5338061344889935, -1.522648898934286], "ERROR": [0.4138061344889935, 0.3026488989342859]}
{"timestamp": "8.271348", "Pr": [1, 1], "Po": [-0.13, -1.27], "Pb": [-0.5338061344889935, -1.522648898934286], "ERROR": [0.4038061344889935, 0.2526488989342859]}
{"timestamp": "8.376747", "Pr": [1, 1], "Po": [-0.14, -1.32], "Pb": [-0.5338061344889935, -1.522648898934286], "ERROR": [0.3938061344889935, 0.20264889893428584]}
{"timestamp": "8.482225", "Pr": [1, 1], "Po": [-0.15, -1.4], "Pb": [-0.5338061344889935, -1.522648898934286], "ERROR": [0.3838061344889935, 0.12264889893428599]}
{"timestamp": "8.588201", "Pr": [1, 1], "Po": [-0.16, -1.45], "Pb": [-0.5338061344889935, -1.522648898934286], "ERROR": [0.37380613448899347, 0.07264889893428594]}
{"timestamp": "8.694427", "Pr": [1, 1], "Po": [-0.18, -1.52], "Pb": [-0.5338061344889935, -1.522648898934286], "ERROR": [0.3538061344889935, 0.0026488989342858815]}
{"timestamp": "8.798404", "Pr": [1, 1], "Po": [-0.19, -1.58], "Pb": [-0.5338061344889935, -1.522648898934286], "ERROR": [0.3438061344889935, -0.05735110106571417]}
{"timestamp": "8.905945", "Pr": [1, 1], "Po": [-0.2, -1.64], "Pb": [-0.5338061344889935, -1.522648898934286], "ERROR": [0.3338061344889935, -0.117351101065714]}
{"timestamp": "9.012443", "Pr": [1, 1], "Po": [-0.21, -1.71], "Pb": [-0.5338061344889935, -1.522648898934286], "ERROR": [0.32380613448899354, -0.18735110106571407]}
{"timestamp": "9.117504", "Pr": [1, 1], "Po": [-0.22, -1.77], "Pb": [-0.5338061344889935, -1.522648898934286], "ERROR": [0.3138061344889935, -0.24735110106571412]}
{"timestamp": "9.222472", "Pr": [1, 1], "Po": [-0.23, -1.83], "Pb": [-0.5338061344889935, -1.522648898934286], "ERROR": [0.3038061344889935, -0.30735110106571417]}
{"timestamp": "9.327513", "Pr": [1, 1], "Po": [-0.25, -1.89], "Pb": [-0.5338061344889935, -1.522648898934286], "ERROR": [0.2838061344889935, -0.367351101065714]}
{"timestamp": "9.433192", "Pr": [1, 1], "Po": [-0.26, -1.95], "Pb": [-0.5338061344889935, -1.522648898934286], "ERROR": [0.2738061344889935, -0.42735110106571406]}
{"timestamp": "9.538476", "Pr": [1, 1], "Po": [-0.27, -2.01], "Pb": [-0.5338061344889935, -1.522648898934286], "ERROR": [0.2638061344889935, -0.4873511010657139]}
{"timestamp": "9.644774", "Pr": [1, 1], "Po": [-0.28, -2.07], "Pb": [-0.5338061344889935, -1.522648898934286], "ERROR": [0.2538061344889935, -0.5473511010657139]}
{"timestamp": "9.750415", "Pr": [1, 1], "Po": [-0.3, -2.13], "Pb": [-0.5338061344889935, -1.522648898934286], "ERROR": [0.2338061344889935, -0.607351101065714]}
{"timestamp": "9.856086", "Pr": [1, 1], "Po": [-0.31, -2.19], "Pb": [-0.5338061344889935, -1.522648898934286], "ERROR": [0.2238061344889935, -0.667351101065714]}
{"timestamp": "9.964555", "Pr": [1, 1], "Po": [-0.32, -2.24], "Pb": [-0.5338061344889935, -1.522648898934286], "ERROR": [0.2138061344889935, -0.7173511010657143]}
{"timestamp": "10.068513", "Pr": [1, 1], "Po": [-0.35, -2.32], "Pb": [-0.5338061344889935, -1.522648898934286], "ERROR": [0.18380613448899352, -0.7973511010657139]}
{"timestamp": "10.172739", "Pr": [1, 1], "Po": [-0.36, -2.38], "Pb": [-0.5338061344889935, -1.522648898934286], "ERROR": [0.1738061344889935, -0.857351101065714]}
{"timestamp": "10.281686", "Pr": [1, 1], "Po": [-0.38, -2.43], "Pb": [-0.5338061344889935, -1.522648898934286], "ERROR": [0.1538061344889935, -0.9073511010657143]}
{"timestamp": "10.387163", "Pr": [1, 1], "Po": [-0.4, -2.49], "Pb": [-0.5338061344889935, -1.522648898934286],