{"timestamp": "0.117552", "Pr": [1, 1], "Po": [-0.01, -0.01], "Pb": [0, 0], "ERROR": [-0.01, -0.01]}
{"timestamp": "1.224635", "Pr": [1, 1], "Po": [-0.01, -0.01], "Pb": [0, 0], "ERROR": [-0.01, -0.01]}
{"timestamp": "2.334768", "Pr": [1, 1], "Po": [-0.01, -0.01], "Pb": [0, 0], "ERROR": [-0.01, -0.01]}
{"timestamp": "3.439417", "Pr": [1, 1], "Po": [-0.01, -0.01], "Pb": [0, 0], "ERROR": [-0.01, -0.01]}
{"timestamp": "4.543548", "Pr": [1, 1], "Po": [-0.01, -0.01], "Pb": [-0.539467456915625, -1.5955307249818453], "ERROR": [0.529467456915625, 1.5855307249818453]}
{"timestamp": "5.648768", "Pr": [1, 1], "Po": [-0.01, -0.01], "Pb": [-0.539467456915625, -1.5955307249818453], "ERROR": [0.529467456915625, 1.5855307249818453]}
{"timestamp": "6.755703", "Pr": [1, 1], "Po": [-0.01, -0.01], "Pb": [-0.539467456915625, -1.5955307249818453], "ERROR": [0.529467456915625, 1.5855307249818453]}
{"timestamp": "7.860216", "Pr": [1, 1], "Po": [-0.01, -0.01], "Pb": [-0.539467456915625, -1.5955307249818453], "ERROR": [0.529467456915625, 1.5855307249818453]}
{"timestamp": "7.966437", "Pr": [1, 1], "Po": [-0.01, -0.01], "Pb": [-0.539467456915625, -1.5955307249818453], "ERROR": [0.529467456915625, 1.5855307249818453]}
{"timestamp": "8.072965", "Pr": [1, 1], "Po": [-0.01, -0.02], "Pb": [-0.539467456915625, -1.5955307249818453], "ERROR": [0.529467456915625, 1.5755307249818453]}
{"timestamp": "8.179843", "Pr": [1, 1], "Po": [-0.01, -0.03], "Pb": [-0.539467456915625, -1.5955307249818453], "ERROR": [0.529467456915625, 1.5655307249818453]}
{"timestamp": "8.289259", "Pr": [1, 1], "Po": [-0.01, -0.04], "Pb": [-0.539467456915625, -1.5955307249818453], "ERROR": [0.529467456915625, 1.5555307249818453]}
{"timestamp": "8.395601", "Pr": [1, 1], "Po": [-0.01, -0.07], "Pb": [-0.539467456915625, -1.5955307249818453], "ERROR": [0.529467456915625, 1.5255307249818453]}
{"timestamp": "8.501715", "Pr": [1, 1], "Po": [-0.01, -0.1], "Pb": [-0.539467456915625, -1.5955307249818453], "ERROR": [0.529467456915625, 1.4955307249818452]}
{"timestamp": "8.606739", "Pr": [1, 1], "Po": [-0.01, -0.13], "Pb": [-0.539467456915625, -1.5955307249818453], "ERROR": [0.529467456915625, 1.4655307249818454]}
{"timestamp": "8.711944", "Pr": [1, 1], "Po": [-0.02, -0.16], "Pb": [-0.539467456915625, -1.5955307249818453], "ERROR": [0.519467456915625, 1.4355307249818454]}
{"timestamp": "8.816530", "Pr": [1, 1], "Po": [-0.02, -0.2], "Pb": [-0.539467456915625, -1.5955307249818453], "ERROR": [0.519467456915625, 1.3955307249818454]}
{"timestamp": "8.921855", "Pr": [1, 1], "Po": [-0.02, -0.23], "Pb": [-0.539467456915625, -1.5955307249818453], "ERROR": [0.519467456915625, 1.3655307249818454]}
{"timestamp": "9.030237", "Pr": [1, 1], "Po": [-0.02, -0.26], "Pb": [-0.539467456915625, -1.5955307249818453], "ERROR": [0.519467456915625, 1.3355307249818453]}
{"timestamp": "9.135763", "Pr": [1, 1], "Po": [-0.02, -0.3], "Pb": [-0.539467456915625, -1.5955307249818453], "ERROR": [0.519467456915625, 1.2955307249818453]}
{"timestamp": "9.239314", "Pr": [1, 1], "Po": [-0.03, -0.33], "Pb": [-0.539467456915625, -1.5955307249818453], "ERROR": [0.509467456915625, 1.2655307249818453]}
{"timestamp": "9.347265", "Pr": [1, 1], "Po": [-0.03, -0.36], "Pb": [-0.539467456915625, -1.5955307249818453], "ERROR": [0.509467456915625, 1.2355307249818455]}
{"timestamp": "9.456158", "Pr": [1, 1], "Po": [-0.03, -0.4], "Pb": [-0.539467456915625, -1.5955307249818453], "ERROR": [0.509467456915625, 1.1955307249818454]}
{"timestamp": "9.560579", "Pr": [1, 1], "Po": [-0.03, -0.43], "Pb": [-0.539467456915625, -1.5955307249818453], "ERROR": [0.509467456915625, 1.1655307249818454]}
{"timestamp": "9.666987", "Pr": [1, 1], "Po": [-0.04, -0.47], "Pb": [-0.539467456915625, -1.5955307249818453], "ERROR": [0.49946745691562505, 1.1255307249818454]}
{"timestamp": "9.773074", "Pr": [1, 1], "Po": [-0.04, -0.51], "Pb": [-0.539467456915625, -1.5955307249818453], "ERROR": [0.49946745691562505, 1.0855307249818453]}
{"timestamp": "9.877992", "Pr": [1, 1], "Po": [-0.04, -0.55], "Pb": [-0.539467456915625, -1.5955307249818453], "ERROR": [0.49946745691562505, 1.0455307249818453]}
{"timestamp": "9.983390", "Pr": [1, 1], "Po": [-0.05, -0.58], "Pb": [-0.539467456915625, -1.5955307249818453], "ERROR": [0.48946745691562504, 1.0155307249818453]}
{"timestamp": "10.088806", "Pr": [1, 1], "Po": [-0.05, -0.62], "Pb": [-0.539467456915625, -1.5955307249818453], "ERROR": [0.48946745691562504, 0.9755307249818453]}
{"timestamp": "10.194369", "Pr": [1, 1], "Po": [-0.05, -0.66], "Pb": [-0.539467456915625, -1.5955307249818453], "ERROR": [0.48946745691562504, 0.9355307249818453]}
{"timestamp": "10.301433", "Pr": [1, 1], "Po": [-0.06, -0.7], "Pb": [-0.539467456915625, -1.5955307249818453], "ERROR": [0.47946745691562503, 0.8955307249818454]}
{"timestamp": "10.409137", "Pr": [1, 1], "Po": [-0.06, -0.74], "Pb": [-0.539467456915625, -1.5955307249818453], "ERROR": [0.47946745691562503, 0.8555307249818453]}
{"timestamp": "10.514524", "Pr": [1, 1], "Po": [-0.07, -0.77], "Pb": [-0.539467456915625, -1.5955307249818453], "ERROR": [0.469467456915625, 0.8255307249818453]}
{"timestamp": "10.619869", "Pr": [1, 1], "Po": [-0.07, -0.81], "Pb": [-0.539467456915625, -1.5955307249818453], "ERROR": [0.469467456915625, 0.7855307249818453]}
{"timestamp": "10.727230", "Pr": [1, 1], "Po": [-0.08, -0.84], "Pb": [-0.539467456915625, -1.5955307249818453], "ERROR": [0.459467456915625, 0.7555307249818454]}
{"timestamp": "10.831885", "Pr": [1, 1], "Po": [-0.08, -0.88], "Pb": [-0.539467456915625, -1.5955307249818453], "ERROR": [0.459467456915625, 0.7155307249818453]}
{"timestamp": "10.936787", "Pr": [1, 1], "Po": [-0.09, -0.92], "Pb": [-0.539467456915625, -1.5955307249818453], "ERROR": [0.44946745691562506, 0.6755307249818453]}
{"timestamp": "11.042399", "Pr": [1, 1], "Po": [-0.09, -0.95], "Pb": [-0.539467456915625, -1.5955307249818453], "ERROR": [0.44946745691562506, 0.6455307249818454]}
{"timestamp": "11.146992", "Pr": [1, 1], "Po": [-0.1, -0.99], "Pb": [-0.539467456915625, -1.5955307249818453], "ERROR": [0.43946745691562505, 0.6055307249818453]}
{"timestamp": "11.252407", "Pr": [1, 1], "Po": [-0.11, -1.03], "Pb": [-0.539467456915625, -1.5955307249818453], "ERROR": [0.42946745691562505, 0.5655307249818453]}
{"timestamp": "11.358467", "Pr": [1, 1], "Po": [-0.11, -1.06], "Pb": [-0.539467456915625, -1.5955307249818453], "ERROR": [0.42946745691562505, 0.5355307249818453]}
{"timestamp": "11.463817", "Pr": [1, 1], "Po": [-0.12, -1.1], "Pb": [-0.539467456915625, -1.5955307249818453], "ERROR": [0.41946745691562504, 0.49553072498184525]}
{"timestamp": "11.571087", "Pr": [1, 1], "Po": [-0.12, -1.13], "Pb": [-0.539467456915625, -1.5955307249818453], "ERROR": [0.41946745691562504, 0.46553072498184545]}
{"timestamp": "11.676646", "Pr": [1, 1], "Po": [-0.13, -1.17], "Pb": [-0.539467456915625, -1.5955307249818453], "ERROR": [0.409467456915625, 0.4255307249818454]}
{"timestamp": "11.782307", "Pr": [1, 1], "Po": [-0.14, -1.2], "Pb": [-0.539467456915625, -1.5955307249818453], "ERROR": [0.399467456915625, 0.3955307249818454]}
{"timestamp": "11.888698", "Pr": [1, 1], "Po": [-0.15, -1.24], "Pb": [-0.539467456915625, -1.5955307249818453], "ERROR": [0.389467456915625, 0.35553072498184535]}
{"timestamp": "11.996350", "Pr": [1, 1], "Po": [-0.15, -1.28], "Pb": [-0.539467456915625, -1.5955307249818453], "ERROR": [0.389467456915625, 0.3155307249818453]}
{"timestamp": "12.101523", "Pr": [1, 1], "Po": [-0.16, -1.32], "Pb": [-0.539467456915625, -1.5955307249818453], "ERROR": [0.379467456915625, 0.2755307249818453]}
{"timestamp": "12.206997", "Pr": [1, 1], "Po": [-0.17, -1.35], "Pb": [-0.4479505671340198, -1.5049871797130074], "ERROR": [0.2779505671340198, 0.15498717971300735]}
{"timestamp": "12.313905", "Pr": [1, 1], "Po": [-0.17, -1.38], "Pb": [-0.4479505671340198, -1.5049871797130074], "ERROR": [0.2779505671340198, 0.12498717971300755]}
{"timestamp": "12.419392", "Pr": [1, 1], "Po": [-0.18, -1.42], "Pb": [-0.4479505671340198, -1.5049871797130074],