{"timestamp": "2.334077", "Pr": [1, 1], "Po": [-0.11, -1.19], "Pb": [-0.3881663685102766, -1.5176804098664962], "ERROR": [0.2781663685102766, 0.32768040986649627]}
{"timestamp": "3.441781", "Pr": [1, 1], "Po": [-0.11, -1.19], "Pb": [-0.3881663685102766, -1.5176804098664962], "ERROR": [0.2781663685102766, 0.32768040986649627]}
{"timestamp": "4.549444", "Pr": [1, 1], "Po": [-0.11, -1.19], "Pb": [-0.37642536640002006, -1.4842761732698977], "ERROR": [0.26642536640002007, 0.29427617326989775]}
{"timestamp": "5.657081", "Pr": [1, 1], "Po": [-0.11, -1.19], "Pb": [-0.37642536640002006, -1.4842761732698977], "ERROR": [0.26642536640002007, 0.29427617326989775]}
{"timestamp": "6.762834", "Pr": [1, 1], "Po": [-0.11, -1.19], "Pb": [-0.37642536640002006, -1.4842761732698977], "ERROR": [0.26642536640002007, 0.29427617326989775]}
{"timestamp": "7.927123", "Pr": [1, 1], "Po": [-0.11, -1.19], "Pb": [-0.37642536640002006, -1.4842761732698977], "ERROR": [0.26642536640002007, 0.29427617326989775]}
{"timestamp": "8.033689", "Pr": [1, 1], "Po": [-0.11, -1.19], "Pb": [-0.37642536640002006, -1.4842761732698977], "ERROR": [0.26642536640002007, 0.29427617326989775]}
{"timestamp": "8.138956", "Pr": [1, 1], "Po": [-0.1, -1.21], "Pb": [-0.37642536640002006, -1.4842761732698977], "ERROR": [0.27642536640002, 0.2742761732698977]}
{"timestamp": "8.255504", "Pr": [1, 1], "Po": [-0.07, -1.25], "Pb": [-0.37642536640002006, -1.4842761732698977], "ERROR": [0.30642536640002005, 0.2342761732698977]}
{"timestamp": "8.361154", "Pr": [1, 1], "Po": [-0.04, -1.29], "Pb": [-0.37642536640002006, -1.4842761732698977], "ERROR": [0.3364253664000201, 0.19427617326989766]}
{"timestamp": "8.472158", "Pr": [1, 1], "Po": [-0.01, -1.35], "Pb": [-0.37642536640002006, -1.4842761732698977], "ERROR": [0.36642536640002005, 0.1342761732698976]}
{"timestamp": "8.582119", "Pr": [1, 1], "Po": [0.03, -1.4], "Pb": [-0.37642536640002006, -1.4842761732698977], "ERROR": [0.40642536640002, 0.08427617326989778]}
{"timestamp": "8.689798", "Pr": [1, 1], "Po": [0.07, -1.46], "Pb": [-0.37642536640002006, -1.4842761732698977], "ERROR": [0.44642536640002006, 0.024276173269897727]}
{"timestamp": "8.796005", "Pr": [1, 1], "Po": [0.11, -1.53], "Pb": [-0.37642536640002006, -1.4842761732698977], "ERROR": [0.48642536640002004, -0.045723826730102335]}
{"timestamp": "8.901367", "Pr": [1, 1], "Po": [0.15, -1.6], "Pb": [-0.37642536640002006, -1.4842761732698977], "ERROR": [0.52642536640002, -0.1157238267301024]}
{"timestamp": "9.006199", "Pr": [1, 1], "Po": [0.2, -1.68], "Pb": [-0.37642536640002006, -1.4842761732698977], "ERROR": [0.5764253664000201, -0.19572382673010225]}
{"timestamp": "9.112146", "Pr": [1, 1], "Po": [0.25, -1.76], "Pb": [-0.37642536640002006, -1.4842761732698977], "ERROR": [0.6264253664000201, -0.2757238267301023]}
{"timestamp": "9.218775", "Pr": [1, 1], "Po": [0.29, -1.84], "Pb": [-0.37642536640002006, -1.4842761732698977], "ERROR": [0.66642536640002, -0.3557238267301024]}
{"timestamp": "9.330042", "Pr": [1, 1], "Po": [0.32, -1.9], "Pb": [-0.37642536640002006, -1.4842761732698977], "ERROR": [0.6964253664000201, -0.4157238267301022]}
{"timestamp": "9.436612", "Pr": [1, 1], "Po": [0.36, -1.97], "Pb": [-0.37642536640002006, -1.4842761732698977], "ERROR": [0.73642536640002, -0.4857238267301023]}
{"timestamp": "9.542319", "Pr": [1, 1], "Po": [0.4, -2.04], "Pb": [-0.37642536640002006, -1.4842761732698977], "ERROR": [0.77642536640002, -0.5557238267301023]}
{"timestamp": "9.648947", "Pr": [1, 1], "Po": [0.44, -2.13], "Pb": [-0.37642536640002006, -1.4842761732698977], "ERROR": [0.8164253664000201, -0.6457238267301022]}
{"timestamp": "9.755569", "Pr": [1, 1], "Po": [0.48, -2.2], "Pb": [-0.37642536640002006, -1.4842761732698977], "ERROR": [0.8564253664000201, -0.7157238267301025]}
{"timestamp": "9.859567", "Pr": [1, 1], "Po": [0.53, -2.31], "Pb": [-0.37642536640002006, -1.4842761732698977], "ERROR": [0.9064253664000201, -0.8257238267301024]}
{"timestamp": "9.964993", "Pr": [1, 1], "Po": [0.56, -2.39], "Pb": [-0.37642536640002006, -1.4842761732698977], "ERROR": [0.9364253664000202, -0.9057238267301024]}
{"timestamp": "10.070855", "Pr": [1, 1], "Po": [0.6, -2.47], "Pb": [-0.37642536640002006, -1.4842761732698977], "ERROR": [0.97642536640002, -0.9857238267301025]}
{"timestamp": "10.178492", "Pr": [1, 1], "Po": [0.63, -2.55], "Pb": [-0.37642536640002006, -1.4842761732698977], "ERROR": [1.00642536640002, -1.0657238267301021]}
{"timestamp": "10.297896", "Pr": [1, 1], "Po": [0.65, -2.62], "Pb": [-0.37642536640002006, -1.4842761732698977], "ERROR": [1.02642536640002, -1.1357238267301024]}
{"timestamp": "10.404770", "Pr": [1, 1], "Po": [0.66, -2.65], "Pb": [-0.37642536640002006, -1.4842761732698977], "ERROR": [1.03642536640002, -1.1657238267301022]}
{"timestamp": "10.511234", "Pr": [1, 1], "Po": [0.68, -2.68], "Pb": [-0.37642536640002006, -1.4842761732698977], "ERROR": [1.05642536640002, -1.1957238267301025]}
{"timestamp": "10.618346", "Pr": [1, 1], "Po": [0.69, -2.71], "Pb": [-0.37642536640002006, -1.4842761732698977], "ERROR": [1.06642536640002, -1.2257238267301023]}
{"timestamp": "10.722977", "Pr": [1, 1], "Po": [0.69, -2.72], "Pb": [-0.37642536640002006, -1.4842761732698977], "ERROR": [1.06642536640002, -1.2357238267301025]}
{"timestamp": "10.829049", "Pr": [1, 1], "Po": [0.69, -2.72], "Pb": [-0.37642536640002006, -1.4842761732698977], "ERROR": [1.06642536640002, -1.2357238267301025]}
{"timestamp": "10.934490", "Pr": [1, 1], "Po": [0.69, -2.72], "Pb": [-0.37642536640002006, -1.4842761732698977], "ERROR": [1.06642536640002, -1.2357238267301025]}
{"timestamp": "11.040432", "Pr": [1, 1], "Po": [0.69, -2.72], "Pb": [-0.37642536640002006, -1.4842761732698977], "ERROR": [1.06642536640002, -1.2357238267301025]}
{"timestamp": "11.146669", "Pr": [1, 1], "Po": [0.69, -2.72], "Pb": [-0.37642536640002006, -1.4842761732698977], "ERROR": [1.06642536640002, -1.2357238267301025]}
{"timestamp": "11.252352", "Pr": [1, 1], "Po": [0.69, -2.72], "Pb": [-0.37642536640002006, -1.4842761732698977], "ERROR": [1.06642536640002, -1.2357238267301025]}
{"timestamp": "11.364761", "Pr": [1, 1], "Po": [0.69, -2.72], "Pb": [-0.37642536640002006, -1.4842761732698977], "ERROR": [1.06642536640002, -1.2357238267301025]}
{"timestamp": "11.471117", "Pr": [1, 1], "Po": [0.69, -2.72], "Pb": [-0.37642536640002006, -1.4842761732698977], "ERROR": [1.06642536640002, -1.2357238267301025]}
{"timestamp": "11.576912", "Pr": [1, 1], "Po": [0.69, -2.72], "Pb": [-0.37642536640002006, -1.4842761732698977], "ERROR": [1.06642536640002, -1.2357238267301025]}
{"timestamp": "11.682052", "Pr": [1, 1], "Po": [0.69, -2.72], "Pb": [-0.37642536640002006, -1.4842761732698977], "ERROR": [1.06642536640002, -1.2357238267301025]}
{"timestamp": "11.787712", "Pr": [1, 1], "Po": [0.69, -2.72], "Pb": [-0.37642536640002006, -1.4842761732698977], "ERROR": [1.06642536640002, -1.2357238267301025]}
{"timestamp": "11.896610", "Pr": [1, 1], "Po": [0.69, -2.72], "Pb": [-0.37642536640002006, -1.4842761732698977], "ERROR": [1.06642536640002, -1.2357238267301025]}
{"timestamp": "12.004534", "Pr": [1, 1], "Po": [0.69, -2.72], "Pb": [-0.37642536640002006, -1.4842761732698977], "ERROR": [1.06642536640002, -1.2357238267301025]}
{"timestamp": "12.110761", "Pr": [1, 1], "Po": [0.69, -2.72], "Pb": [-0.37642536640002006, -1.4842761732698977], "ERROR": [1.06642536640002, -1.2357238267301025]}
{"timestamp": "12.216390", "Pr": [1, 1], "Po": [0.69, -2.72], "Pb": [-0.37642536640002006, -1.4842761732698977], "ERROR": [1.06642536640002, -1.2357238267301025]}
{"timestamp": "12.330087", "Pr": [1, 1], "Po": [0.69, -2.72], "Pb": [-0.37642536640002006, -1.4842761732698977], "ERROR": [1.06642536640002, -1.2357238267301025]}
{"timestamp": "12.442105", "Pr": [1, 1], "Po": [0.69, -2.72], "Pb": [-0.37642536640002006, -1.4842761732698977], "ERROR": [1.06642536640002, -1.2357238267301025]}
{"timestamp": "12.628113", "Pr": [1, 1], "Po": [0.69, -2.72], "Pb": [-0.37642536640002006, -1.4842761732698977],